<?xml version="1.0" encoding="UTF-8"?>
<!DOCTYPE root SYSTEM "actionmenufile.dtd"[
<!ENTITY Menu_Remote_Actions 'Remote Actions'>
<!ENTITY Action_C_Compile 'C Compile'>
<!ENTITY Action_CPP_Compile 'C++ Compile'>
<!ENTITY Action_Make 'Make'>
<!ENTITY Action_Make_with_target 'Make with target'>
<!ENTITY Action_Link 'Link'>
<!ENTITY Comment_C_Compile 'Compile a C source file'>

]>
<root>
<entity id="2121126094483" includedas="" location="" name="&Menu_Remote_Actions;" type="menu">
<entity id="2060879093859" includedas="" location="" name="&Action_C_Compile;" type="action"/>
<entity id="2063829950502" includedas="" location="" name="&Action_CPP_Compile;" type="action"/>
<entity id="2143742534828" includedas="" location="" name="&Action_Make;" type="action"/>
<entity id="2144284340032" includedas="" location="" name="&Action_Link;" type="action"/>
<entity id="2238186085097" includedas="" location="" name="&Action_Make_with_target;" type="action"/>
</entity>
<action actionType="com.ibm.etools.common.navigator.CommonNavigator.zlinux" clearconsole="pref" collectnames="true" comment="&Comment_C_Compile;" eventsfile="" iaction_id="com.ibm.tpf.core.remote.gcc.compile.action" id="2060879093859" lengthlimit="" name="&Action_C_Compile;" remotecommand="true" showgeneric="false" userexit="">
<filetype>*.c</filetype>
<command cmd="&amp;CC &amp;O ">
<headerfile value="bbshtpf.bbs">
<headervars>'&amp;X' '&amp;RX' '&amp;N'</headervars>
</headerfile>
<commandheaderfile value="bbshcmd.bbs"/>
<commandfooterfile value="bbsfcmd.bbs"/>
<footerfile value="bbsftpf.bbs"/>
</command>
</action>
<action actionType="com.ibm.etools.common.navigator.CommonNavigator.zlinux" clearconsole="pref" collectnames="false" comment="" eventsfile="" iaction_id="com.ibm.tpf.core.remote.gcc.compile.action" id="2063829950502" lengthlimit="" name="&Action_CPP_Compile;" remotecommand="true" showgeneric="false" userexit="">
<filetype>*.cpp</filetype>
<command cmd="&amp;CCP &amp;O ">
<headerfile value="bbshtpf.bbs"/>
<commandheaderfile value="bbshcmd.bbs"/>
<commandfooterfile value="bbsfcmd.bbs"/>
<footerfile value="bbsftpf.bbs"/>
</command>
</action>
<action actionType="com.ibm.etools.common.navigator.CommonNavigator.zlinux" clearconsole="pref" collectnames="false" comment="" eventsfile="" iaction_id="com.ibm.tpf.core.builders.MakeBuildAction" id="2143742534828" lengthlimit="" name="&Action_Make;" remotecommand="true" refresh="project.scope" showgeneric="false" userexit="">
<filetype>*.mak</filetype>
<command cmd="make &amp;M -f &amp;RN">
<headerfile value="bbshtpf.bbs"/>
<commandheaderfile value="bbshcmd.bbs"/>
<commandfooterfile value="bbsfcmd.bbs"/>
<footerfile value="bbsftpf.bbs"/>
</command>
</action>
    <action actionType="com.ibm.etools.common.navigator.CommonNavigator.zlinux" clearconsole="pref" collectnames="false" comment="" eventsfile="" iaction_id="com.ibm.tpf.core.builders.MakeWithTargetBuildAction" id="2238186085097" lengthlimit="" name="&Action_Make_with_target;" outputindialog="false" refresh="project.scope" remotecommand="true" showgeneric="false" userexit="">
        <filetype>*.mak</filetype>
        <filetype>*.mk</filetype>
        <command cmd="make &amp;M -f &amp;RN">
            <headerfile value="bbshtpf.bbs"/>
            <commandheaderfile value="bbshcmd.bbs"/>
            <commandfooterfile value="bbsfcmd.bbs"/>
            <footerfile value="bbsftpf.bbs"/>
        </command>
    </action>
<action actionType="com.ibm.etools.common.navigator.CommonNavigator.zlinux"  clearconsole="pref" collectnames="true" comment="" eventsfile="" iaction_id="com.ibm.tpf.core.builders.zOSLinkAction" id="2144284340032" lengthlimit="" name="&Action_Link;" remotecommand="true" showgeneric="false" userexit="">
<filetype>*.o</filetype>
<filetype>*.obj</filetype>
<command cmd="gcc -o &amp;LINK_TARGET &amp;L &amp;RN">
<headerfile value="bbshtpf.bbs"/>
<commandheaderfile value="bbshcmd.bbs"/>
<commandfooterfile value="bbsfcmd.bbs"/>
<footerfile value="bbsftpf.bbs"/>
</command>
</action>
</root>
