<PACKAGE>                                                                                                                                                                                                                                             
<FILEREFERENCETABLE>                                                                                                                                                                                                                                  
<FILECOUNT>13</FILECOUNT>                                                                                                                                                                                                                             
<FILE>                                                                                                                                                                                                                                                
<FILENUMBER>1</FILENUMBER>                                                                                                                                                                                                                            
<FILENAME>SYS25171.T111601.RA000.NNPRGZ7C.R0108470</FILENAME>                                                                                                                                                                                         
</FILE>                                                                                                                                                                                                                                               
<FILE>                                                                                                                                                                                                                                                
<FILENUMBER>2</FILENUMBER>                                                                                                                                                                                                                            
<FILENAME>SYS25171.T111601.RA000.NNPRGZ7C.R0108473(YSCTCCH)</FILENAME>                                                                                                                                                                                
</FILE>                                                                                                                                                                                                                                               
<FILE>                                                                                                                                                                                                                                                
<FILENUMBER>3</FILENUMBER>                                                                                                                                                                                                                            
<FILENAME>PD.VSEXPL.CPMLIB(YEIVM24)</FILENAME>                                                                                                                                                                                                        
</FILE>                                                                                                                                                                                                                                               
<FILE>                                                                                                                                                                                                                                                
<FILENUMBER>4</FILENUMBER>                                                                                                                                                                                                                            
<FILENAME>PD.VSEXPL.CPMLIB(YEIVM25)</FILENAME>                                                                                                                                                                                                        
</FILE>                                                                                                                                                                                                                                               
<FILE>                                                                                                                                                                                                                                                
<FILENUMBER>5</FILENUMBER>                                                                                                                                                                                                                            
<FILENAME>PD.VSEXPL.CPMLIB(YEIVRGT)</FILENAME>                                                                                                                                                                                                        
</FILE>                                                                                                                                                                                                                                               
<FILE>                                                                                                                                                                                                                                                
<FILENUMBER>6</FILENUMBER>                                                                                                                                                                                                                            
<FILENAME>PD.VSEXPL.CPMLIB(YEIVSEP)</FILENAME>                                                                                                                                                                                                        
</FILE>                                                                                                                                                                                                                                               
<FILE>                                                                                                                                                                                                                                                
<FILENUMBER>7</FILENUMBER>                                                                                                                                                                                                                            
<FILENAME>PD.VSEXPL.CPMLIB(YEIVESQ)</FILENAME>                                                                                                                                                                                                        
</FILE>                                                                                                                                                                                                                                               
<FILE>                                                                                                                                                                                                                                                
<FILENUMBER>8</FILENUMBER>                                                                                                                                                                                                                            
<FILENAME>PD.VSEXPL.CPMLIB(YEIVFAL)</FILENAME>                                                                                                                                                                                                        
</FILE>                                                                                                                                                                                                                                               
<FILE>                                                                                                                                                                                                                                                
<FILENUMBER>9</FILENUMBER>                                                                                                                                                                                                                            
<FILENAME>PD.VSEXPL.CPMLIB(YEIVFRE)</FILENAME>                                                                                                                                                                                                        
</FILE>                                                                                                                                                                                                                                               
<FILE>                                                                                                                                                                                                                                                
<FILENUMBER>10</FILENUMBER>                                                                                                                                                                                                                           
<FILENAME>PD.VSEXPL.CPMLIB(YEIVFCT)</FILENAME>                                                                                                                                                                                                        
</FILE>                                                                                                                                                                                                                                               
<FILE>                                                                                                                                                                                                                                                
<FILENUMBER>11</FILENUMBER>                                                                                                                                                                                                                           
<FILENAME>SYS25171.T111601.RA000.NNPRGZ7C.R0108473(YDATS20)</FILENAME>                                                                                                                                                                                
</FILE>                                                                                                                                                                                                                                               
<FILE>                                                                                                                                                                                                                                                
<FILENUMBER>12</FILENUMBER>                                                                                                                                                                                                                           
<FILENAME>PD.VSEXPL.CPMLIB(YEIVELF)</FILENAME>                                                                                                                                                                                                        
</FILE>                                                                                                                                                                                                                                               
<FILE>                                                                                                                                                                                                                                                
<FILENUMBER>13</FILENUMBER>                                                                                                                                                                                                                           
<FILENAME>PD.VSEXPL.CPMLIB(YEIVSLF)</FILENAME>                                                                                                                                                                                                        
</FILE>                                                                                                                                                                                                                                               
</FILEREFERENCETABLE>                                                                                                                                                                                                                                 
<MESSAGE>                                                                                                                                                                                                                                             
<MSGNUMBER>IGYCB7312-I</MSGNUMBER>                                                                                                                                                                                                                    
<MSGLINE>1</MSGLINE>                                                                                                                                                                                                                                  
<MSGFILE>1</MSGFILE>                                                                                                                                                                                                                                  
<MSGTEXT>                                                                                                                                                                                                                                             
Procedure starting at &apos;REINIT-ERREUR&apos; (line 10256) was copied one or more times to be inlined for PERFORM statements. 32 total bytes were generated from copying that procedure.                                                            
</MSGTEXT>                                                                                                                                                                                                                                            
</MESSAGE>                                                                                                                                                                                                                                            
<MESSAGE>                                                                                                                                                                                                                                             
<MSGNUMBER>IGYCB7312-I</MSGNUMBER>                                                                                                                                                                                                                    
<MSGLINE>1</MSGLINE>                                                                                                                                                                                                                                  
<MSGFILE>1</MSGFILE>                                                                                                                                                                                                                                  
<MSGTEXT>                                                                                                                                                                                                                                             
Procedure starting at &apos;RETOUR-ACC-PHYS&apos; (line 10174) was copied one or more times to be inlined for PERFORM statements. 152 total bytes were generated from copying that procedure.                                                         
</MSGTEXT>                                                                                                                                                                                                                                            
</MESSAGE>                                                                                                                                                                                                                                            
<MESSAGE>                                                                                                                                                                                                                                             
<MSGNUMBER>IGYDS1073-I</MSGNUMBER>                                                                                                                                                                                                                    
<MSGLINE>140</MSGLINE>                                                                                                                                                                                                                                
<MSGFILE>12</MSGFILE>                                                                                                                                                                                                                                 
<MSGTEXT>                                                                                                                                                                                                                                             
&quot;EIVELF-L0105&quot; redefined a larger item.                                                                                                                                                                                                     
</MSGTEXT>                                                                                                                                                                                                                                            
</MESSAGE>                                                                                                                                                                                                                                            
<MESSAGE>                                                                                                                                                                                                                                             
<MSGNUMBER>IGYCB7300-W</MSGNUMBER>                                                                                                                                                                                                                    
<MSGLINE>2125</MSGLINE>                                                                                                                                                                                                                               
<MSGFILE>1</MSGFILE>                                                                                                                                                                                                                                  
<MSGTEXT>                                                                                                                                                                                                                                             
The code from lines 10286.1-10301.1 in program &apos;EIVLL00F&apos; was safely removed by the optimizer. The removed code may be unreachable; its removal does not change the operation of the program.                                               
</MSGTEXT>                                                                                                                                                                                                                                            
</MESSAGE>                                                                                                                                                                                                                                            
</PACKAGE>                                                                                                                                                                                                                                            