<PACKAGE>                                                                                                                                                                                                                                             
<FILEREFERENCETABLE>                                                                                                                                                                                                                                  
<FILECOUNT>7</FILECOUNT>                                                                                                                                                                                                                              
<FILE>                                                                                                                                                                                                                                                
<FILENUMBER>1</FILENUMBER>                                                                                                                                                                                                                            
<FILENAME>SYS25240.T114950.RA000.NNPRGZ7C.R0152368</FILENAME>                                                                                                                                                                                         
</FILE>                                                                                                                                                                                                                                               
<FILE>                                                                                                                                                                                                                                                
<FILENUMBER>2</FILENUMBER>                                                                                                                                                                                                                            
<FILENAME>PD.VSEXPL.CPMLIB(YEIVFAL)</FILENAME>                                                                                                                                                                                                        
</FILE>                                                                                                                                                                                                                                               
<FILE>                                                                                                                                                                                                                                                
<FILENUMBER>3</FILENUMBER>                                                                                                                                                                                                                            
<FILENAME>PD.VSEXPL.CPMLIB(YEIVFRE)</FILENAME>                                                                                                                                                                                                        
</FILE>                                                                                                                                                                                                                                               
<FILE>                                                                                                                                                                                                                                                
<FILENUMBER>4</FILENUMBER>                                                                                                                                                                                                                            
<FILENAME>PD.VSTEST.CPMLIB(YEIVJNT)</FILENAME>                                                                                                                                                                                                        
</FILE>                                                                                                                                                                                                                                               
<FILE>                                                                                                                                                                                                                                                
<FILENUMBER>5</FILENUMBER>                                                                                                                                                                                                                            
<FILENAME>PD.VSTEST.CPMLIB(YEIVVAL)</FILENAME>                                                                                                                                                                                                        
</FILE>                                                                                                                                                                                                                                               
<FILE>                                                                                                                                                                                                                                                
<FILENUMBER>6</FILENUMBER>                                                                                                                                                                                                                            
<FILENAME>PD.VSTEST.CPMLIB(YEIVEJN)</FILENAME>                                                                                                                                                                                                        
</FILE>                                                                                                                                                                                                                                               
<FILE>                                                                                                                                                                                                                                                
<FILENUMBER>7</FILENUMBER>                                                                                                                                                                                                                            
<FILENAME>PD.VSTEST.CPMLIB(YEIVSJN)</FILENAME>                                                                                                                                                                                                        
</FILE>                                                                                                                                                                                                                                               
</FILEREFERENCETABLE>                                                                                                                                                                                                                                 
<MESSAGE>                                                                                                                                                                                                                                             
<MSGNUMBER>IGYCB7312-I</MSGNUMBER>                                                                                                                                                                                                                    
<MSGLINE>1</MSGLINE>                                                                                                                                                                                                                                  
<MSGFILE>1</MSGFILE>                                                                                                                                                                                                                                  
<MSGTEXT>                                                                                                                                                                                                                                             
Procedure starting at &apos;FIN-FCT-L0126&apos; (line 15560) was copied one or more times to be inlined for PERFORM statements. 598 total bytes were generated from copying that procedure.                                                           
</MSGTEXT>                                                                                                                                                                                                                                            
</MESSAGE>                                                                                                                                                                                                                                            
<MESSAGE>                                                                                                                                                                                                                                             
<MSGNUMBER>IGYDS1073-I</MSGNUMBER>                                                                                                                                                                                                                    
<MSGLINE>1652</MSGLINE>                                                                                                                                                                                                                               
<MSGFILE>7</MSGFILE>                                                                                                                                                                                                                                  
<MSGTEXT>                                                                                                                                                                                                                                             
&quot;EIVSJN-L0123&quot; redefined a larger item.                                                                                                                                                                                                     
</MSGTEXT>                                                                                                                                                                                                                                            
</MESSAGE>                                                                                                                                                                                                                                            
<MESSAGE>                                                                                                                                                                                                                                             
<MSGNUMBER>IGYDS1073-I</MSGNUMBER>                                                                                                                                                                                                                    
<MSGLINE>1755</MSGLINE>                                                                                                                                                                                                                               
<MSGFILE>7</MSGFILE>                                                                                                                                                                                                                                  
<MSGTEXT>                                                                                                                                                                                                                                             
&quot;EIVSJN-L0125&quot; redefined a larger item.                                                                                                                                                                                                     
</MSGTEXT>                                                                                                                                                                                                                                            
</MESSAGE>                                                                                                                                                                                                                                            
<MESSAGE>                                                                                                                                                                                                                                             
<MSGNUMBER>IGYPS2036-I</MSGNUMBER>                                                                                                                                                                                                                    
<MSGLINE>774</MSGLINE>                                                                                                                                                                                                                                
<MSGFILE>1</MSGFILE>                                                                                                                                                                                                                                  
<MSGTEXT>                                                                                                                                                                                                                                             
A paragraph-name was missing after the &quot;USE&quot; statement.                                                                                                                                                                                     
</MSGTEXT>                                                                                                                                                                                                                                            
</MESSAGE>                                                                                                                                                                                                                                            
<MESSAGE>                                                                                                                                                                                                                                             
<MSGNUMBER>IGYPS0001-W</MSGNUMBER>                                                                                                                                                                                                                    
<MSGLINE>5399</MSGLINE>                                                                                                                                                                                                                               
<MSGFILE>1</MSGFILE>                                                                                                                                                                                                                                  
<MSGTEXT>                                                                                                                                                                                                                                             
A blank was missing before character &quot;E&quot; in column 48.  A blank was assumed.                                                                                                                                                                
</MSGTEXT>                                                                                                                                                                                                                                            
</MESSAGE>                                                                                                                                                                                                                                            
<MESSAGE>                                                                                                                                                                                                                                             
<MSGNUMBER>IGYPS0001-W</MSGNUMBER>                                                                                                                                                                                                                    
<MSGLINE>5400</MSGLINE>                                                                                                                                                                                                                               
<MSGFILE>1</MSGFILE>                                                                                                                                                                                                                                  
<MSGTEXT>                                                                                                                                                                                                                                             
A blank was missing before character &quot;E&quot; in column 48.  A blank was assumed.                                                                                                                                                                
</MSGTEXT>                                                                                                                                                                                                                                            
</MESSAGE>                                                                                                                                                                                                                                            
<MESSAGE>                                                                                                                                                                                                                                             
<MSGNUMBER>IGYPA3228-W</MSGNUMBER>                                                                                                                                                                                                                    
<MSGLINE>6507</MSGLINE>                                                                                                                                                                                                                               
<MSGFILE>1</MSGFILE>                                                                                                                                                                                                                                  
<MSGTEXT>                                                                                                                                                                                                                                             
High order digit positions in the sender may be truncated in the move to receiver &quot;EIVSJN-L0122-NBR-OCC (PACKED INTEGER)&quot;.                                                                                                                  
</MSGTEXT>                                                                                                                                                                                                                                            
</MESSAGE>                                                                                                                                                                                                                                            
<MESSAGE>                                                                                                                                                                                                                                             
<MSGNUMBER>IGYPA3228-W</MSGNUMBER>                                                                                                                                                                                                                    
<MSGLINE>7454</MSGLINE>                                                                                                                                                                                                                               
<MSGFILE>1</MSGFILE>                                                                                                                                                                                                                                  
<MSGTEXT>                                                                                                                                                                                                                                             
High order digit positions in the sender may be truncated in the move to receiver &quot;EIVSJN-L0126-NBROCCLUE (NUMERIC INTEGER)&quot;.                                                                                                               
</MSGTEXT>                                                                                                                                                                                                                                            
</MESSAGE>                                                                                                                                                                                                                                            
<MESSAGE>                                                                                                                                                                                                                                             
<MSGNUMBER>IGYPS0001-W</MSGNUMBER>                                                                                                                                                                                                                    
<MSGLINE>8029</MSGLINE>                                                                                                                                                                                                                               
<MSGFILE>1</MSGFILE>                                                                                                                                                                                                                                  
<MSGTEXT>                                                                                                                                                                                                                                             
A blank was missing before character &quot;E&quot; in column 46.  A blank was assumed.                                                                                                                                                                
</MSGTEXT>                                                                                                                                                                                                                                            
</MESSAGE>                                                                                                                                                                                                                                            
<MESSAGE>                                                                                                                                                                                                                                             
<MSGNUMBER>IGYPS0001-W</MSGNUMBER>                                                                                                                                                                                                                    
<MSGLINE>8030</MSGLINE>                                                                                                                                                                                                                               
<MSGFILE>1</MSGFILE>                                                                                                                                                                                                                                  
<MSGTEXT>                                                                                                                                                                                                                                             
A blank was missing before character &quot;E&quot; in column 46.  A blank was assumed.                                                                                                                                                                
</MSGTEXT>                                                                                                                                                                                                                                            
</MESSAGE>                                                                                                                                                                                                                                            
<MESSAGE>                                                                                                                                                                                                                                             
<MSGNUMBER>IGYPA3228-W</MSGNUMBER>                                                                                                                                                                                                                    
<MSGLINE>8321</MSGLINE>                                                                                                                                                                                                                               
<MSGFILE>1</MSGFILE>                                                                                                                                                                                                                                  
<MSGTEXT>                                                                                                                                                                                                                                             
High order digit positions in the sender may be truncated in the move to receiver &quot;EIVSJN-L0130-REM-NBR-RGT (PACKED INTEGER)&quot;.                                                                                                              
</MSGTEXT>                                                                                                                                                                                                                                            
</MESSAGE>                                                                                                                                                                                                                                            
<MESSAGE>                                                                                                                                                                                                                                             
<MSGNUMBER>IGYPS0001-W</MSGNUMBER>                                                                                                                                                                                                                    
<MSGLINE>8704</MSGLINE>                                                                                                                                                                                                                               
<MSGFILE>1</MSGFILE>                                                                                                                                                                                                                                  
<MSGTEXT>                                                                                                                                                                                                                                             
A blank was missing before character &quot;E&quot; in column 46.  A blank was assumed.                                                                                                                                                                
</MSGTEXT>                                                                                                                                                                                                                                            
</MESSAGE>                                                                                                                                                                                                                                            
<MESSAGE>                                                                                                                                                                                                                                             
<MSGNUMBER>IGYPS0001-W</MSGNUMBER>                                                                                                                                                                                                                    
<MSGLINE>8705</MSGLINE>                                                                                                                                                                                                                               
<MSGFILE>1</MSGFILE>                                                                                                                                                                                                                                  
<MSGTEXT>                                                                                                                                                                                                                                             
A blank was missing before character &quot;E&quot; in column 46.  A blank was assumed.                                                                                                                                                                
</MSGTEXT>                                                                                                                                                                                                                                            
</MESSAGE>                                                                                                                                                                                                                                            
</PACKAGE>                                                                                                                                                                                                                                            