<PACKAGE>                                                                                                                                                                                                                                             
<FILEREFERENCETABLE>                                                                                                                                                                                                                                  
<FILECOUNT>7</FILECOUNT>                                                                                                                                                                                                                              
<FILE>                                                                                                                                                                                                                                                
<FILENUMBER>1</FILENUMBER>                                                                                                                                                                                                                            
<FILENAME>SYS25196.T101949.RA000.NNPRGZ7C.R0150403</FILENAME>                                                                                                                                                                                         
</FILE>                                                                                                                                                                                                                                               
<FILE>                                                                                                                                                                                                                                                
<FILENUMBER>2</FILENUMBER>                                                                                                                                                                                                                            
<FILENAME>PD.VSTEST.CPMLIB(YEIVFCT)</FILENAME>                                                                                                                                                                                                        
</FILE>                                                                                                                                                                                                                                               
<FILE>                                                                                                                                                                                                                                                
<FILENUMBER>3</FILENUMBER>                                                                                                                                                                                                                            
<FILENAME>PD.VSEXPL.CPMLIB(YEIVFAL)</FILENAME>                                                                                                                                                                                                        
</FILE>                                                                                                                                                                                                                                               
<FILE>                                                                                                                                                                                                                                                
<FILENUMBER>4</FILENUMBER>                                                                                                                                                                                                                            
<FILENAME>PD.VSEXPL.CPMLIB(YEIVFRE)</FILENAME>                                                                                                                                                                                                        
</FILE>                                                                                                                                                                                                                                               
<FILE>                                                                                                                                                                                                                                                
<FILENUMBER>5</FILENUMBER>                                                                                                                                                                                                                            
<FILENAME>SYS25196.T101949.RA000.NNPRGZ7C.R0150406(YISCPAR)</FILENAME>                                                                                                                                                                                
</FILE>                                                                                                                                                                                                                                               
<FILE>                                                                                                                                                                                                                                                
<FILENUMBER>6</FILENUMBER>                                                                                                                                                                                                                            
<FILENAME>PD.VSEXPL.CPMLIB(YEIVESQ)</FILENAME>                                                                                                                                                                                                        
</FILE>                                                                                                                                                                                                                                               
<FILE>                                                                                                                                                                                                                                                
<FILENUMBER>7</FILENUMBER>                                                                                                                                                                                                                            
<FILENAME>SYS25196.T101949.RA000.NNPRGZ7C.R0150406(YISCSIT)</FILENAME>                                                                                                                                                                                
</FILE>                                                                                                                                                                                                                                               
</FILEREFERENCETABLE>                                                                                                                                                                                                                                 
<MESSAGE>                                                                                                                                                                                                                                             
<MSGNUMBER>IGYCB7312-I</MSGNUMBER>                                                                                                                                                                                                                    
<MSGLINE>1</MSGLINE>                                                                                                                                                                                                                                  
<MSGFILE>1</MSGFILE>                                                                                                                                                                                                                                  
<MSGTEXT>                                                                                                                                                                                                                                             
Procedure starting at &apos;APPEL-EIVPSEQ&apos; (line 13587) was copied one or more times to be inlined for PERFORM statements. 9600 total bytes were generated from copying that procedure.                                                          
</MSGTEXT>                                                                                                                                                                                                                                            
</MESSAGE>                                                                                                                                                                                                                                            
<MESSAGE>                                                                                                                                                                                                                                             
<MSGNUMBER>IGYCB7310-W</MSGNUMBER>                                                                                                                                                                                                                    
<MSGLINE>316</MSGLINE>                                                                                                                                                                                                                                
<MSGFILE>1</MSGFILE>                                                                                                                                                                                                                                  
<MSGTEXT>                                                                                                                                                                                                                                             
The &quot;PERFORM&quot; statement at &quot;PERFORM (line 11589.1)&quot; cannot reach its exit.                                                                                                                                                        
</MSGTEXT>                                                                                                                                                                                                                                            
</MESSAGE>                                                                                                                                                                                                                                            
<MESSAGE>                                                                                                                                                                                                                                             
<MSGNUMBER>IGYCB7310-W</MSGNUMBER>                                                                                                                                                                                                                    
<MSGLINE>358</MSGLINE>                                                                                                                                                                                                                                
<MSGFILE>1</MSGFILE>                                                                                                                                                                                                                                  
<MSGTEXT>                                                                                                                                                                                                                                             
The &quot;PERFORM&quot; statement at &quot;PERFORM (line 11631.1)&quot; cannot reach its exit.                                                                                                                                                        
</MSGTEXT>                                                                                                                                                                                                                                            
</MESSAGE>                                                                                                                                                                                                                                            
<MESSAGE>                                                                                                                                                                                                                                             
<MSGNUMBER>IGYCB7310-W</MSGNUMBER>                                                                                                                                                                                                                    
<MSGLINE>639</MSGLINE>                                                                                                                                                                                                                                
<MSGFILE>1</MSGFILE>                                                                                                                                                                                                                                  
<MSGTEXT>                                                                                                                                                                                                                                             
The &quot;PERFORM&quot; statement at &quot;PERFORM (line 11912.1)&quot; cannot reach its exit.                                                                                                                                                        
</MSGTEXT>                                                                                                                                                                                                                                            
</MESSAGE>                                                                                                                                                                                                                                            
<MESSAGE>                                                                                                                                                                                                                                             
<MSGNUMBER>IGYCB7300-W</MSGNUMBER>                                                                                                                                                                                                                    
<MSGLINE>1401</MSGLINE>                                                                                                                                                                                                                               
<MSGFILE>1</MSGFILE>                                                                                                                                                                                                                                  
<MSGTEXT>                                                                                                                                                                                                                                             
The code from lines 12674.1-12682.1 in program &apos;EIVZCLEF&apos; was safely removed by the optimizer. The removed code may be unreachable; its removal does not change the operation of the program.                                               
</MSGTEXT>                                                                                                                                                                                                                                            
</MESSAGE>                                                                                                                                                                                                                                            
<MESSAGE>                                                                                                                                                                                                                                             
<MSGNUMBER>IGYCB7310-W</MSGNUMBER>                                                                                                                                                                                                                    
<MSGLINE>1569</MSGLINE>                                                                                                                                                                                                                               
<MSGFILE>1</MSGFILE>                                                                                                                                                                                                                                  
<MSGTEXT>                                                                                                                                                                                                                                             
The &quot;PERFORM&quot; statement at &quot;PERFORM (line 12842.1)&quot; cannot reach its exit.                                                                                                                                                        
</MSGTEXT>                                                                                                                                                                                                                                            
</MESSAGE>                                                                                                                                                                                                                                            
<MESSAGE>                                                                                                                                                                                                                                             
<MSGNUMBER>IGYCB7310-W</MSGNUMBER>                                                                                                                                                                                                                    
<MSGLINE>1595</MSGLINE>                                                                                                                                                                                                                               
<MSGFILE>1</MSGFILE>                                                                                                                                                                                                                                  
<MSGTEXT>                                                                                                                                                                                                                                             
The &quot;PERFORM&quot; statement at &quot;PERFORM (line 12868.1)&quot; cannot reach its exit.                                                                                                                                                        
</MSGTEXT>                                                                                                                                                                                                                                            
</MESSAGE>                                                                                                                                                                                                                                            
<MESSAGE>                                                                                                                                                                                                                                             
<MSGNUMBER>IGYCB7310-W</MSGNUMBER>                                                                                                                                                                                                                    
<MSGLINE>1621</MSGLINE>                                                                                                                                                                                                                               
<MSGFILE>1</MSGFILE>                                                                                                                                                                                                                                  
<MSGTEXT>                                                                                                                                                                                                                                             
The &quot;PERFORM&quot; statement at &quot;PERFORM (line 12894.1)&quot; cannot reach its exit.                                                                                                                                                        
</MSGTEXT>                                                                                                                                                                                                                                            
</MESSAGE>                                                                                                                                                                                                                                            
<MESSAGE>                                                                                                                                                                                                                                             
<MSGNUMBER>IGYCB7310-W</MSGNUMBER>                                                                                                                                                                                                                    
<MSGLINE>1647</MSGLINE>                                                                                                                                                                                                                               
<MSGFILE>1</MSGFILE>                                                                                                                                                                                                                                  
<MSGTEXT>                                                                                                                                                                                                                                             
The &quot;PERFORM&quot; statement at &quot;PERFORM (line 12920.1)&quot; cannot reach its exit.                                                                                                                                                        
</MSGTEXT>                                                                                                                                                                                                                                            
</MESSAGE>                                                                                                                                                                                                                                            
<MESSAGE>                                                                                                                                                                                                                                             
<MSGNUMBER>IGYCB7310-W</MSGNUMBER>                                                                                                                                                                                                                    
<MSGLINE>1673</MSGLINE>                                                                                                                                                                                                                               
<MSGFILE>1</MSGFILE>                                                                                                                                                                                                                                  
<MSGTEXT>                                                                                                                                                                                                                                             
The &quot;PERFORM&quot; statement at &quot;PERFORM (line 12946.1)&quot; cannot reach its exit.                                                                                                                                                        
</MSGTEXT>                                                                                                                                                                                                                                            
</MESSAGE>                                                                                                                                                                                                                                            
<MESSAGE>                                                                                                                                                                                                                                             
<MSGNUMBER>IGYCB7310-W</MSGNUMBER>                                                                                                                                                                                                                    
<MSGLINE>1699</MSGLINE>                                                                                                                                                                                                                               
<MSGFILE>1</MSGFILE>                                                                                                                                                                                                                                  
<MSGTEXT>                                                                                                                                                                                                                                             
The &quot;PERFORM&quot; statement at &quot;PERFORM (line 12972.1)&quot; cannot reach its exit.                                                                                                                                                        
</MSGTEXT>                                                                                                                                                                                                                                            
</MESSAGE>                                                                                                                                                                                                                                            
<MESSAGE>                                                                                                                                                                                                                                             
<MSGNUMBER>IGYCB7310-W</MSGNUMBER>                                                                                                                                                                                                                    
<MSGLINE>1725</MSGLINE>                                                                                                                                                                                                                               
<MSGFILE>1</MSGFILE>                                                                                                                                                                                                                                  
<MSGTEXT>                                                                                                                                                                                                                                             
The &quot;PERFORM&quot; statement at &quot;PERFORM (line 12998.1)&quot; cannot reach its exit.                                                                                                                                                        
</MSGTEXT>                                                                                                                                                                                                                                            
</MESSAGE>                                                                                                                                                                                                                                            
<MESSAGE>                                                                                                                                                                                                                                             
<MSGNUMBER>IGYCB7310-W</MSGNUMBER>                                                                                                                                                                                                                    
<MSGLINE>1751</MSGLINE>                                                                                                                                                                                                                               
<MSGFILE>1</MSGFILE>                                                                                                                                                                                                                                  
<MSGTEXT>                                                                                                                                                                                                                                             
The &quot;PERFORM&quot; statement at &quot;PERFORM (line 13024.1)&quot; cannot reach its exit.                                                                                                                                                        
</MSGTEXT>                                                                                                                                                                                                                                            
</MESSAGE>                                                                                                                                                                                                                                            
<MESSAGE>                                                                                                                                                                                                                                             
<MSGNUMBER>IGYCB7310-W</MSGNUMBER>                                                                                                                                                                                                                    
<MSGLINE>1773</MSGLINE>                                                                                                                                                                                                                               
<MSGFILE>1</MSGFILE>                                                                                                                                                                                                                                  
<MSGTEXT>                                                                                                                                                                                                                                             
The &quot;PERFORM&quot; statement at &quot;PERFORM (line 13046.1)&quot; cannot reach its exit.                                                                                                                                                        
</MSGTEXT>                                                                                                                                                                                                                                            
</MESSAGE>                                                                                                                                                                                                                                            
<MESSAGE>                                                                                                                                                                                                                                             
<MSGNUMBER>IGYCB7300-W</MSGNUMBER>                                                                                                                                                                                                                    
<MSGLINE>1784</MSGLINE>                                                                                                                                                                                                                               
<MSGFILE>1</MSGFILE>                                                                                                                                                                                                                                  
<MSGTEXT>                                                                                                                                                                                                                                             
The code from lines 13057.1-13074.1 in program &apos;EIVZCLEF&apos; was safely removed by the optimizer. The removed code may be unreachable; its removal does not change the operation of the program.                                               
</MSGTEXT>                                                                                                                                                                                                                                            
</MESSAGE>                                                                                                                                                                                                                                            
<MESSAGE>                                                                                                                                                                                                                                             
<MSGNUMBER>IGYCB7310-W</MSGNUMBER>                                                                                                                                                                                                                    
<MSGLINE>1801</MSGLINE>                                                                                                                                                                                                                               
<MSGFILE>1</MSGFILE>                                                                                                                                                                                                                                  
<MSGTEXT>                                                                                                                                                                                                                                             
The &quot;PERFORM&quot; statement at &quot;PERFORM (line 13074.1)&quot; cannot reach its exit.                                                                                                                                                        
</MSGTEXT>                                                                                                                                                                                                                                            
</MESSAGE>                                                                                                                                                                                                                                            
<MESSAGE>                                                                                                                                                                                                                                             
<MSGNUMBER>IGYCB7310-W</MSGNUMBER>                                                                                                                                                                                                                    
<MSGLINE>1826</MSGLINE>                                                                                                                                                                                                                               
<MSGFILE>1</MSGFILE>                                                                                                                                                                                                                                  
<MSGTEXT>                                                                                                                                                                                                                                             
The &quot;PERFORM&quot; statement at &quot;PERFORM (line 13099.1)&quot; cannot reach its exit.                                                                                                                                                        
</MSGTEXT>                                                                                                                                                                                                                                            
</MESSAGE>                                                                                                                                                                                                                                            
<MESSAGE>                                                                                                                                                                                                                                             
<MSGNUMBER>IGYCB7310-W</MSGNUMBER>                                                                                                                                                                                                                    
<MSGLINE>1854</MSGLINE>                                                                                                                                                                                                                               
<MSGFILE>1</MSGFILE>                                                                                                                                                                                                                                  
<MSGTEXT>                                                                                                                                                                                                                                             
The &quot;PERFORM&quot; statement at &quot;PERFORM (line 13127.1)&quot; cannot reach its exit.                                                                                                                                                        
</MSGTEXT>                                                                                                                                                                                                                                            
</MESSAGE>                                                                                                                                                                                                                                            
<MESSAGE>                                                                                                                                                                                                                                             
<MSGNUMBER>IGYCB7310-W</MSGNUMBER>                                                                                                                                                                                                                    
<MSGLINE>1875</MSGLINE>                                                                                                                                                                                                                               
<MSGFILE>1</MSGFILE>                                                                                                                                                                                                                                  
<MSGTEXT>                                                                                                                                                                                                                                             
The &quot;PERFORM&quot; statement at &quot;PERFORM (line 13148.1)&quot; cannot reach its exit.                                                                                                                                                        
</MSGTEXT>                                                                                                                                                                                                                                            
</MESSAGE>                                                                                                                                                                                                                                            
<MESSAGE>                                                                                                                                                                                                                                             
<MSGNUMBER>IGYCB7310-W</MSGNUMBER>                                                                                                                                                                                                                    
<MSGLINE>1902</MSGLINE>                                                                                                                                                                                                                               
<MSGFILE>1</MSGFILE>                                                                                                                                                                                                                                  
<MSGTEXT>                                                                                                                                                                                                                                             
The &quot;PERFORM&quot; statement at &quot;PERFORM (line 13175.1)&quot; cannot reach its exit.                                                                                                                                                        
</MSGTEXT>                                                                                                                                                                                                                                            
</MESSAGE>                                                                                                                                                                                                                                            
<MESSAGE>                                                                                                                                                                                                                                             
<MSGNUMBER>IGYCB7310-W</MSGNUMBER>                                                                                                                                                                                                                    
<MSGLINE>1928</MSGLINE>                                                                                                                                                                                                                               
<MSGFILE>1</MSGFILE>                                                                                                                                                                                                                                  
<MSGTEXT>                                                                                                                                                                                                                                             
The &quot;PERFORM&quot; statement at &quot;PERFORM (line 13201.1)&quot; cannot reach its exit.                                                                                                                                                        
</MSGTEXT>                                                                                                                                                                                                                                            
</MESSAGE>                                                                                                                                                                                                                                            
<MESSAGE>                                                                                                                                                                                                                                             
<MSGNUMBER>IGYCB7310-W</MSGNUMBER>                                                                                                                                                                                                                    
<MSGLINE>1954</MSGLINE>                                                                                                                                                                                                                               
<MSGFILE>1</MSGFILE>                                                                                                                                                                                                                                  
<MSGTEXT>                                                                                                                                                                                                                                             
The &quot;PERFORM&quot; statement at &quot;PERFORM (line 13227.1)&quot; cannot reach its exit.                                                                                                                                                        
</MSGTEXT>                                                                                                                                                                                                                                            
</MESSAGE>                                                                                                                                                                                                                                            
<MESSAGE>                                                                                                                                                                                                                                             
<MSGNUMBER>IGYCB7310-W</MSGNUMBER>                                                                                                                                                                                                                    
<MSGLINE>1982</MSGLINE>                                                                                                                                                                                                                               
<MSGFILE>1</MSGFILE>                                                                                                                                                                                                                                  
<MSGTEXT>                                                                                                                                                                                                                                             
The &quot;PERFORM&quot; statement at &quot;PERFORM (line 13255.1)&quot; cannot reach its exit.                                                                                                                                                        
</MSGTEXT>                                                                                                                                                                                                                                            
</MESSAGE>                                                                                                                                                                                                                                            
<MESSAGE>                                                                                                                                                                                                                                             
<MSGNUMBER>IGYCB7310-W</MSGNUMBER>                                                                                                                                                                                                                    
<MSGLINE>2004</MSGLINE>                                                                                                                                                                                                                               
<MSGFILE>1</MSGFILE>                                                                                                                                                                                                                                  
<MSGTEXT>                                                                                                                                                                                                                                             
The &quot;PERFORM&quot; statement at &quot;PERFORM (line 13277.1)&quot; cannot reach its exit.                                                                                                                                                        
</MSGTEXT>                                                                                                                                                                                                                                            
</MESSAGE>                                                                                                                                                                                                                                            
<MESSAGE>                                                                                                                                                                                                                                             
<MSGNUMBER>IGYCB7310-W</MSGNUMBER>                                                                                                                                                                                                                    
<MSGLINE>2024</MSGLINE>                                                                                                                                                                                                                               
<MSGFILE>1</MSGFILE>                                                                                                                                                                                                                                  
<MSGTEXT>                                                                                                                                                                                                                                             
The &quot;PERFORM&quot; statement at &quot;PERFORM (line 13297.1)&quot; cannot reach its exit.                                                                                                                                                        
</MSGTEXT>                                                                                                                                                                                                                                            
</MESSAGE>                                                                                                                                                                                                                                            
<MESSAGE>                                                                                                                                                                                                                                             
<MSGNUMBER>IGYCB7310-W</MSGNUMBER>                                                                                                                                                                                                                    
<MSGLINE>2046</MSGLINE>                                                                                                                                                                                                                               
<MSGFILE>1</MSGFILE>                                                                                                                                                                                                                                  
<MSGTEXT>                                                                                                                                                                                                                                             
The &quot;PERFORM&quot; statement at &quot;PERFORM (line 13319.1)&quot; cannot reach its exit.                                                                                                                                                        
</MSGTEXT>                                                                                                                                                                                                                                            
</MESSAGE>                                                                                                                                                                                                                                            
<MESSAGE>                                                                                                                                                                                                                                             
<MSGNUMBER>IGYCB7310-W</MSGNUMBER>                                                                                                                                                                                                                    
<MSGLINE>2068</MSGLINE>                                                                                                                                                                                                                               
<MSGFILE>1</MSGFILE>                                                                                                                                                                                                                                  
<MSGTEXT>                                                                                                                                                                                                                                             
The &quot;PERFORM&quot; statement at &quot;PERFORM (line 13341.1)&quot; cannot reach its exit.                                                                                                                                                        
</MSGTEXT>                                                                                                                                                                                                                                            
</MESSAGE>                                                                                                                                                                                                                                            
<MESSAGE>                                                                                                                                                                                                                                             
<MSGNUMBER>IGYCB7310-W</MSGNUMBER>                                                                                                                                                                                                                    
<MSGLINE>2097</MSGLINE>                                                                                                                                                                                                                               
<MSGFILE>1</MSGFILE>                                                                                                                                                                                                                                  
<MSGTEXT>                                                                                                                                                                                                                                             
The &quot;PERFORM&quot; statement at &quot;PERFORM (line 13370.1)&quot; cannot reach its exit.                                                                                                                                                        
</MSGTEXT>                                                                                                                                                                                                                                            
</MESSAGE>                                                                                                                                                                                                                                            
<MESSAGE>                                                                                                                                                                                                                                             
<MSGNUMBER>IGYCB7310-W</MSGNUMBER>                                                                                                                                                                                                                    
<MSGLINE>2141</MSGLINE>                                                                                                                                                                                                                               
<MSGFILE>1</MSGFILE>                                                                                                                                                                                                                                  
<MSGTEXT>                                                                                                                                                                                                                                             
The &quot;PERFORM&quot; statement at &quot;PERFORM (line 13414.1)&quot; cannot reach its exit.                                                                                                                                                        
</MSGTEXT>                                                                                                                                                                                                                                            
</MESSAGE>                                                                                                                                                                                                                                            
<MESSAGE>                                                                                                                                                                                                                                             
<MSGNUMBER>IGYCB7310-W</MSGNUMBER>                                                                                                                                                                                                                    
<MSGLINE>2186</MSGLINE>                                                                                                                                                                                                                               
<MSGFILE>1</MSGFILE>                                                                                                                                                                                                                                  
<MSGTEXT>                                                                                                                                                                                                                                             
The &quot;PERFORM&quot; statement at &quot;PERFORM (line 13459.1)&quot; cannot reach its exit.                                                                                                                                                        
</MSGTEXT>                                                                                                                                                                                                                                            
</MESSAGE>                                                                                                                                                                                                                                            
<MESSAGE>                                                                                                                                                                                                                                             
<MSGNUMBER>IGYCB7310-W</MSGNUMBER>                                                                                                                                                                                                                    
<MSGLINE>2229</MSGLINE>                                                                                                                                                                                                                               
<MSGFILE>1</MSGFILE>                                                                                                                                                                                                                                  
<MSGTEXT>                                                                                                                                                                                                                                             
The &quot;PERFORM&quot; statement at &quot;PERFORM (line 13502.1)&quot; cannot reach its exit.                                                                                                                                                        
</MSGTEXT>                                                                                                                                                                                                                                            
</MESSAGE>                                                                                                                                                                                                                                            
<MESSAGE>                                                                                                                                                                                                                                             
<MSGNUMBER>IGYCB7310-W</MSGNUMBER>                                                                                                                                                                                                                    
<MSGLINE>2265</MSGLINE>                                                                                                                                                                                                                               
<MSGFILE>1</MSGFILE>                                                                                                                                                                                                                                  
<MSGTEXT>                                                                                                                                                                                                                                             
The &quot;PERFORM&quot; statement at &quot;PERFORM (line 13538.1)&quot; cannot reach its exit.                                                                                                                                                        
</MSGTEXT>                                                                                                                                                                                                                                            
</MESSAGE>                                                                                                                                                                                                                                            
<MESSAGE>                                                                                                                                                                                                                                             
<MSGNUMBER>IGYCB7310-W</MSGNUMBER>                                                                                                                                                                                                                    
<MSGLINE>2311</MSGLINE>                                                                                                                                                                                                                               
<MSGFILE>1</MSGFILE>                                                                                                                                                                                                                                  
<MSGTEXT>                                                                                                                                                                                                                                             
The &quot;PERFORM&quot; statement at &quot;PERFORM (line 13584.1)&quot; cannot reach its exit.                                                                                                                                                        
</MSGTEXT>                                                                                                                                                                                                                                            
</MESSAGE>                                                                                                                                                                                                                                            
</PACKAGE>                                                                                                                                                                                                                                            