<PACKAGE>                                                                                                                                                                                                                                             
<FILEREFERENCETABLE>                                                                                                                                                                                                                                  
<FILECOUNT>31</FILECOUNT>                                                                                                                                                                                                                             
<FILE>                                                                                                                                                                                                                                                
<FILENUMBER>1</FILENUMBER>                                                                                                                                                                                                                            
<FILENAME>SYS25136.T100303.RA000.NNPRGZ7C.R0153007</FILENAME>                                                                                                                                                                                         
</FILE>                                                                                                                                                                                                                                               
<FILE>                                                                                                                                                                                                                                                
<FILENUMBER>2</FILENUMBER>                                                                                                                                                                                                                            
<FILENAME>SYS25136.T100303.RA000.NNPRGZ7C.R0153010(YCTRFAL)</FILENAME>                                                                                                                                                                                
</FILE>                                                                                                                                                                                                                                               
<FILE>                                                                                                                                                                                                                                                
<FILENUMBER>3</FILENUMBER>                                                                                                                                                                                                                            
<FILENAME>SYS25136.T100303.RA000.NNPRGZ7C.R0153010(YCTRFRE)</FILENAME>                                                                                                                                                                                
</FILE>                                                                                                                                                                                                                                               
<FILE>                                                                                                                                                                                                                                                
<FILENUMBER>4</FILENUMBER>                                                                                                                                                                                                                            
<FILENAME>SYS25136.T100303.RA000.NNPRGZ7C.R0153010(YCTRFAW)</FILENAME>                                                                                                                                                                                
</FILE>                                                                                                                                                                                                                                               
<FILE>                                                                                                                                                                                                                                                
<FILENUMBER>5</FILENUMBER>                                                                                                                                                                                                                            
<FILENAME>SYS25136.T100303.RA000.NNPRGZ7C.R0153010(YCTRFRW)</FILENAME>                                                                                                                                                                                
</FILE>                                                                                                                                                                                                                                               
<FILE>                                                                                                                                                                                                                                                
<FILENUMBER>6</FILENUMBER>                                                                                                                                                                                                                            
<FILENAME>SYS25136.T100303.RA000.NNPRGZ7C.R0153010(YCTRETH)</FILENAME>                                                                                                                                                                                
</FILE>                                                                                                                                                                                                                                               
<FILE>                                                                                                                                                                                                                                                
<FILENUMBER>7</FILENUMBER>                                                                                                                                                                                                                            
<FILENAME>SYS25136.T100303.RA000.NNPRGZ7C.R0153010(YCTRSTH)</FILENAME>                                                                                                                                                                                
</FILE>                                                                                                                                                                                                                                               
<FILE>                                                                                                                                                                                                                                                
<FILENUMBER>8</FILENUMBER>                                                                                                                                                                                                                            
<FILENAME>SYS25136.T100303.RA000.NNPRGZ7C.R0153010(YSTIED1)</FILENAME>                                                                                                                                                                                
</FILE>                                                                                                                                                                                                                                               
<FILE>                                                                                                                                                                                                                                                
<FILENUMBER>9</FILENUMBER>                                                                                                                                                                                                                            
<FILENAME>SYS25136.T100303.RA000.NNPRGZ7C.R0153010(YSTISD1)</FILENAME>                                                                                                                                                                                
</FILE>                                                                                                                                                                                                                                               
<FILE>                                                                                                                                                                                                                                                
<FILENUMBER>10</FILENUMBER>                                                                                                                                                                                                                           
<FILENAME>SYS25136.T100303.RA000.NNPRGZ7C.R0153010(YSTIEM1)</FILENAME>                                                                                                                                                                                
</FILE>                                                                                                                                                                                                                                               
<FILE>                                                                                                                                                                                                                                                
<FILENUMBER>11</FILENUMBER>                                                                                                                                                                                                                           
<FILENAME>SYS25136.T100303.RA000.NNPRGZ7C.R0153010(YSTISM1)</FILENAME>                                                                                                                                                                                
</FILE>                                                                                                                                                                                                                                               
<FILE>                                                                                                                                                                                                                                                
<FILENUMBER>12</FILENUMBER>                                                                                                                                                                                                                           
<FILENAME>SYS25136.T100303.RA000.NNPRGZ7C.R0153010(YCTRVTH)</FILENAME>                                                                                                                                                                                
</FILE>                                                                                                                                                                                                                                               
<FILE>                                                                                                                                                                                                                                                
<FILENUMBER>13</FILENUMBER>                                                                                                                                                                                                                           
<FILENAME>SYS25136.T100303.RA000.NNPRGZ7C.R0153010(YCTRXTH)</FILENAME>                                                                                                                                                                                
</FILE>                                                                                                                                                                                                                                               
<FILE>                                                                                                                                                                                                                                                
<FILENUMBER>14</FILENUMBER>                                                                                                                                                                                                                           
<FILENAME>SYS25136.T100303.RA000.NNPRGZ7C.R0153010(YCTRFON)</FILENAME>                                                                                                                                                                                
</FILE>                                                                                                                                                                                                                                               
<FILE>                                                                                                                                                                                                                                                
<FILENUMBER>15</FILENUMBER>                                                                                                                                                                                                                           
<FILENAME>SYS25136.T100303.RA000.NNPRGZ7C.R0153010(YTMCFAL)</FILENAME>                                                                                                                                                                                
</FILE>                                                                                                                                                                                                                                               
<FILE>                                                                                                                                                                                                                                                
<FILENUMBER>16</FILENUMBER>                                                                                                                                                                                                                           
<FILENAME>SYS25136.T100303.RA000.NNPRGZ7C.R0153010(YTMCFRE)</FILENAME>                                                                                                                                                                                
</FILE>                                                                                                                                                                                                                                               
<FILE>                                                                                                                                                                                                                                                
<FILENUMBER>17</FILENUMBER>                                                                                                                                                                                                                           
<FILENAME>SYS25136.T100303.RA000.NNPRGZ7C.R0153010(YTMCE00)</FILENAME>                                                                                                                                                                                
</FILE>                                                                                                                                                                                                                                               
<FILE>                                                                                                                                                                                                                                                
<FILENUMBER>18</FILENUMBER>                                                                                                                                                                                                                           
<FILENAME>SYS25136.T100303.RA000.NNPRGZ7C.R0153010(YLTNFAL)</FILENAME>                                                                                                                                                                                
</FILE>                                                                                                                                                                                                                                               
<FILE>                                                                                                                                                                                                                                                
<FILENUMBER>19</FILENUMBER>                                                                                                                                                                                                                           
<FILENAME>SYS25136.T100303.RA000.NNPRGZ7C.R0153010(YLTNFRE)</FILENAME>                                                                                                                                                                                
</FILE>                                                                                                                                                                                                                                               
<FILE>                                                                                                                                                                                                                                                
<FILENUMBER>20</FILENUMBER>                                                                                                                                                                                                                           
<FILENAME>PD.VSTEST.CPMLIB(YCTREMM)</FILENAME>                                                                                                                                                                                                        
</FILE>                                                                                                                                                                                                                                               
<FILE>                                                                                                                                                                                                                                                
<FILENUMBER>21</FILENUMBER>                                                                                                                                                                                                                           
<FILENAME>PD.VSTEST.CPMLIB(YCTRSMM)</FILENAME>                                                                                                                                                                                                        
</FILE>                                                                                                                                                                                                                                               
<FILE>                                                                                                                                                                                                                                                
<FILENUMBER>22</FILENUMBER>                                                                                                                                                                                                                           
<FILENAME>PD.VSEXPL.CPMLIB(YCTREMN)</FILENAME>                                                                                                                                                                                                        
</FILE>                                                                                                                                                                                                                                               
<FILE>                                                                                                                                                                                                                                                
<FILENUMBER>23</FILENUMBER>                                                                                                                                                                                                                           
<FILENAME>PD.VSEXPL.CPMLIB(YCTRSMN)</FILENAME>                                                                                                                                                                                                        
</FILE>                                                                                                                                                                                                                                               
<FILE>                                                                                                                                                                                                                                                
<FILENUMBER>24</FILENUMBER>                                                                                                                                                                                                                           
<FILENAME>PD.VSTEST.CPMLIB(YCTRELM)</FILENAME>                                                                                                                                                                                                        
</FILE>                                                                                                                                                                                                                                               
<FILE>                                                                                                                                                                                                                                                
<FILENUMBER>25</FILENUMBER>                                                                                                                                                                                                                           
<FILENAME>PD.VSTEST.CPMLIB(YCTRSLM)</FILENAME>                                                                                                                                                                                                        
</FILE>                                                                                                                                                                                                                                               
<FILE>                                                                                                                                                                                                                                                
<FILENUMBER>26</FILENUMBER>                                                                                                                                                                                                                           
<FILENAME>SYS25136.T100303.RA000.NNPRGZ7C.R0153010(YI03PCB0)</FILENAME>                                                                                                                                                                               
</FILE>                                                                                                                                                                                                                                               
<FILE>                                                                                                                                                                                                                                                
<FILENUMBER>27</FILENUMBER>                                                                                                                                                                                                                           
<FILENAME>SYS25136.T100303.RA000.NNPRGZ7C.R0153010(YTMCMAL)</FILENAME>                                                                                                                                                                                
</FILE>                                                                                                                                                                                                                                               
<FILE>                                                                                                                                                                                                                                                
<FILENUMBER>28</FILENUMBER>                                                                                                                                                                                                                           
<FILENAME>SYS25136.T100303.RA000.NNPRGZ7C.R0153010(YTMCMRE)</FILENAME>                                                                                                                                                                                
</FILE>                                                                                                                                                                                                                                               
<FILE>                                                                                                                                                                                                                                                
<FILENUMBER>29</FILENUMBER>                                                                                                                                                                                                                           
<FILENAME>SYS25136.T100303.RA000.NNPRGZ7C.R0153010(YSASFAL)</FILENAME>                                                                                                                                                                                
</FILE>                                                                                                                                                                                                                                               
<FILE>                                                                                                                                                                                                                                                
<FILENUMBER>30</FILENUMBER>                                                                                                                                                                                                                           
<FILENAME>SYS25136.T100303.RA000.NNPRGZ7C.R0153010(YSASFRE)</FILENAME>                                                                                                                                                                                
</FILE>                                                                                                                                                                                                                                               
<FILE>                                                                                                                                                                                                                                                
<FILENUMBER>31</FILENUMBER>                                                                                                                                                                                                                           
<FILENAME>SYS25136.T100303.RA000.NNPRGZ7C.R0153010(YLOGIMB)</FILENAME>                                                                                                                                                                                
</FILE>                                                                                                                                                                                                                                               
</FILEREFERENCETABLE>                                                                                                                                                                                                                                 
<MESSAGE>                                                                                                                                                                                                                                             
<MSGNUMBER>IGYDS1073-I</MSGNUMBER>                                                                                                                                                                                                                    
<MSGLINE>827</MSGLINE>                                                                                                                                                                                                                                
<MSGFILE>20</MSGFILE>                                                                                                                                                                                                                                 
<MSGTEXT>                                                                                                                                                                                                                                             
&quot;CTREMM-LM007&quot; redefined a larger item.                                                                                                                                                                                                     
</MSGTEXT>                                                                                                                                                                                                                                            
</MESSAGE>                                                                                                                                                                                                                                            
<MESSAGE>                                                                                                                                                                                                                                             
<MSGNUMBER>IGYDS1073-I</MSGNUMBER>                                                                                                                                                                                                                    
<MSGLINE>734</MSGLINE>                                                                                                                                                                                                                                
<MSGFILE>21</MSGFILE>                                                                                                                                                                                                                                 
<MSGTEXT>                                                                                                                                                                                                                                             
&quot;CTRSMM-LM112&quot; redefined a larger item.                                                                                                                                                                                                     
</MSGTEXT>                                                                                                                                                                                                                                            
</MESSAGE>                                                                                                                                                                                                                                            
<MESSAGE>                                                                                                                                                                                                                                             
<MSGNUMBER>IGYCB7310-W</MSGNUMBER>                                                                                                                                                                                                                    
<MSGLINE>406</MSGLINE>                                                                                                                                                                                                                                
<MSGFILE>1</MSGFILE>                                                                                                                                                                                                                                  
<MSGTEXT>                                                                                                                                                                                                                                             
The &quot;PERFORM&quot; statement at &quot;PERFORM (line 12375.1)&quot; cannot reach its exit.                                                                                                                                                        
</MSGTEXT>                                                                                                                                                                                                                                            
</MESSAGE>                                                                                                                                                                                                                                            
<MESSAGE>                                                                                                                                                                                                                                             
<MSGNUMBER>IGYCB7310-W</MSGNUMBER>                                                                                                                                                                                                                    
<MSGLINE>447</MSGLINE>                                                                                                                                                                                                                                
<MSGFILE>1</MSGFILE>                                                                                                                                                                                                                                  
<MSGTEXT>                                                                                                                                                                                                                                             
The &quot;PERFORM&quot; statement at &quot;PERFORM (line 12416.1)&quot; cannot reach its exit.                                                                                                                                                        
</MSGTEXT>                                                                                                                                                                                                                                            
</MESSAGE>                                                                                                                                                                                                                                            
<MESSAGE>                                                                                                                                                                                                                                             
<MSGNUMBER>IGYPA3228-W</MSGNUMBER>                                                                                                                                                                                                                    
<MSGLINE>624</MSGLINE>                                                                                                                                                                                                                                
<MSGFILE>1</MSGFILE>                                                                                                                                                                                                                                  
<MSGTEXT>                                                                                                                                                                                                                                             
High order digit positions in the sender may be truncated in the move to receiver &quot;L-PIC-9-2 (NUMERIC INTEGER)&quot;.                                                                                                                            
</MSGTEXT>                                                                                                                                                                                                                                            
</MESSAGE>                                                                                                                                                                                                                                            
<MESSAGE>                                                                                                                                                                                                                                             
<MSGNUMBER>IGYPA3228-W</MSGNUMBER>                                                                                                                                                                                                                    
<MSGLINE>1127</MSGLINE>                                                                                                                                                                                                                               
<MSGFILE>1</MSGFILE>                                                                                                                                                                                                                                  
<MSGTEXT>                                                                                                                                                                                                                                             
High order digit positions in the sender may be truncated in the move to receiver &quot;L-PIC-9-2 (NUMERIC INTEGER)&quot;.                                                                                                                            
</MSGTEXT>                                                                                                                                                                                                                                            
</MESSAGE>                                                                                                                                                                                                                                            
<MESSAGE>                                                                                                                                                                                                                                             
<MSGNUMBER>IGYCB7310-W</MSGNUMBER>                                                                                                                                                                                                                    
<MSGLINE>1514</MSGLINE>                                                                                                                                                                                                                               
<MSGFILE>1</MSGFILE>                                                                                                                                                                                                                                  
<MSGTEXT>                                                                                                                                                                                                                                             
The &quot;PERFORM&quot; statement at &quot;PERFORM (line 13483.1)&quot; cannot reach its exit.                                                                                                                                                        
</MSGTEXT>                                                                                                                                                                                                                                            
</MESSAGE>                                                                                                                                                                                                                                            
<MESSAGE>                                                                                                                                                                                                                                             
<MSGNUMBER>IGYCB7310-W</MSGNUMBER>                                                                                                                                                                                                                    
<MSGLINE>1533</MSGLINE>                                                                                                                                                                                                                               
<MSGFILE>1</MSGFILE>                                                                                                                                                                                                                                  
<MSGTEXT>                                                                                                                                                                                                                                             
The &quot;PERFORM&quot; statement at &quot;PERFORM (line 13502.1)&quot; cannot reach its exit.                                                                                                                                                        
</MSGTEXT>                                                                                                                                                                                                                                            
</MESSAGE>                                                                                                                                                                                                                                            
<MESSAGE>                                                                                                                                                                                                                                             
<MSGNUMBER>IGYCB7310-W</MSGNUMBER>                                                                                                                                                                                                                    
<MSGLINE>1553</MSGLINE>                                                                                                                                                                                                                               
<MSGFILE>1</MSGFILE>                                                                                                                                                                                                                                  
<MSGTEXT>                                                                                                                                                                                                                                             
The &quot;PERFORM&quot; statement at &quot;PERFORM (line 13522.1)&quot; cannot reach its exit.                                                                                                                                                        
</MSGTEXT>                                                                                                                                                                                                                                            
</MESSAGE>                                                                                                                                                                                                                                            
<MESSAGE>                                                                                                                                                                                                                                             
<MSGNUMBER>IGYCB7309-W</MSGNUMBER>                                                                                                                                                                                                                    
<MSGLINE>1712</MSGLINE>                                                                                                                                                                                                                               
<MSGFILE>1</MSGFILE>                                                                                                                                                                                                                                  
<MSGTEXT>                                                                                                                                                                                                                                             
There may be a loop from the &quot;PERFORM&quot; statement at &quot;PERFORM (line 13681.1)&quot; to itself.                                                                                                                                           
</MSGTEXT>                                                                                                                                                                                                                                            
</MESSAGE>                                                                                                                                                                                                                                            
<MESSAGE>                                                                                                                                                                                                                                             
<MSGNUMBER>IGYCB7310-W</MSGNUMBER>                                                                                                                                                                                                                    
<MSGLINE>1761</MSGLINE>                                                                                                                                                                                                                               
<MSGFILE>1</MSGFILE>                                                                                                                                                                                                                                  
<MSGTEXT>                                                                                                                                                                                                                                             
The &quot;PERFORM&quot; statement at &quot;PERFORM (line 13730.1)&quot; cannot reach its exit.                                                                                                                                                        
</MSGTEXT>                                                                                                                                                                                                                                            
</MESSAGE>                                                                                                                                                                                                                                            
<MESSAGE>                                                                                                                                                                                                                                             
<MSGNUMBER>IGYCB7310-W</MSGNUMBER>                                                                                                                                                                                                                    
<MSGLINE>1765</MSGLINE>                                                                                                                                                                                                                               
<MSGFILE>1</MSGFILE>                                                                                                                                                                                                                                  
<MSGTEXT>                                                                                                                                                                                                                                             
The &quot;PERFORM&quot; statement at &quot;PERFORM (line 13734.1)&quot; cannot reach its exit.                                                                                                                                                        
</MSGTEXT>                                                                                                                                                                                                                                            
</MESSAGE>                                                                                                                                                                                                                                            
<MESSAGE>                                                                                                                                                                                                                                             
<MSGNUMBER>IGYCB7310-W</MSGNUMBER>                                                                                                                                                                                                                    
<MSGLINE>1812</MSGLINE>                                                                                                                                                                                                                               
<MSGFILE>1</MSGFILE>                                                                                                                                                                                                                                  
<MSGTEXT>                                                                                                                                                                                                                                             
The &quot;PERFORM&quot; statement at &quot;PERFORM (line 13781.1)&quot; cannot reach its exit.                                                                                                                                                        
</MSGTEXT>                                                                                                                                                                                                                                            
</MESSAGE>                                                                                                                                                                                                                                            
<MESSAGE>                                                                                                                                                                                                                                             
<MSGNUMBER>IGYCB7310-W</MSGNUMBER>                                                                                                                                                                                                                    
<MSGLINE>1816</MSGLINE>                                                                                                                                                                                                                               
<MSGFILE>1</MSGFILE>                                                                                                                                                                                                                                  
<MSGTEXT>                                                                                                                                                                                                                                             
The &quot;PERFORM&quot; statement at &quot;PERFORM (line 13785.1)&quot; cannot reach its exit.                                                                                                                                                        
</MSGTEXT>                                                                                                                                                                                                                                            
</MESSAGE>                                                                                                                                                                                                                                            
<MESSAGE>                                                                                                                                                                                                                                             
<MSGNUMBER>IGYCB7309-W</MSGNUMBER>                                                                                                                                                                                                                    
<MSGLINE>1855</MSGLINE>                                                                                                                                                                                                                               
<MSGFILE>1</MSGFILE>                                                                                                                                                                                                                                  
<MSGTEXT>                                                                                                                                                                                                                                             
There may be a loop from the &quot;PERFORM&quot; statement at &quot;PERFORM (line 13824.1)&quot; to itself.                                                                                                                                           
</MSGTEXT>                                                                                                                                                                                                                                            
</MESSAGE>                                                                                                                                                                                                                                            
<MESSAGE>                                                                                                                                                                                                                                             
<MSGNUMBER>IGYCB7310-W</MSGNUMBER>                                                                                                                                                                                                                    
<MSGLINE>1855</MSGLINE>                                                                                                                                                                                                                               
<MSGFILE>1</MSGFILE>                                                                                                                                                                                                                                  
<MSGTEXT>                                                                                                                                                                                                                                             
The &quot;PERFORM&quot; statement at &quot;PERFORM (line 13824.1)&quot; cannot reach its exit.                                                                                                                                                        
</MSGTEXT>                                                                                                                                                                                                                                            
</MESSAGE>                                                                                                                                                                                                                                            
<MESSAGE>                                                                                                                                                                                                                                             
<MSGNUMBER>IGYCB7309-W</MSGNUMBER>                                                                                                                                                                                                                    
<MSGLINE>1859</MSGLINE>                                                                                                                                                                                                                               
<MSGFILE>1</MSGFILE>                                                                                                                                                                                                                                  
<MSGTEXT>                                                                                                                                                                                                                                             
There may be a loop from the &quot;PERFORM&quot; statement at &quot;PERFORM (line 13828.1)&quot; to itself.                                                                                                                                           
</MSGTEXT>                                                                                                                                                                                                                                            
</MESSAGE>                                                                                                                                                                                                                                            
<MESSAGE>                                                                                                                                                                                                                                             
<MSGNUMBER>IGYCB7310-W</MSGNUMBER>                                                                                                                                                                                                                    
<MSGLINE>1859</MSGLINE>                                                                                                                                                                                                                               
<MSGFILE>1</MSGFILE>                                                                                                                                                                                                                                  
<MSGTEXT>                                                                                                                                                                                                                                             
The &quot;PERFORM&quot; statement at &quot;PERFORM (line 13828.1)&quot; cannot reach its exit.                                                                                                                                                        
</MSGTEXT>                                                                                                                                                                                                                                            
</MESSAGE>                                                                                                                                                                                                                                            
<MESSAGE>                                                                                                                                                                                                                                             
<MSGNUMBER>IGYCB7309-W</MSGNUMBER>                                                                                                                                                                                                                    
<MSGLINE>1953</MSGLINE>                                                                                                                                                                                                                               
<MSGFILE>1</MSGFILE>                                                                                                                                                                                                                                  
<MSGTEXT>                                                                                                                                                                                                                                             
There may be a loop from the &quot;PERFORM&quot; statement at &quot;PERFORM (line 13922.1)&quot; to itself.                                                                                                                                           
</MSGTEXT>                                                                                                                                                                                                                                            
</MESSAGE>                                                                                                                                                                                                                                            
<MESSAGE>                                                                                                                                                                                                                                             
<MSGNUMBER>IGYCB7310-W</MSGNUMBER>                                                                                                                                                                                                                    
<MSGLINE>1955</MSGLINE>                                                                                                                                                                                                                               
<MSGFILE>1</MSGFILE>                                                                                                                                                                                                                                  
<MSGTEXT>                                                                                                                                                                                                                                             
The &quot;PERFORM&quot; statement at &quot;PERFORM (line 13924.1)&quot; cannot reach its exit.                                                                                                                                                        
</MSGTEXT>                                                                                                                                                                                                                                            
</MESSAGE>                                                                                                                                                                                                                                            
</PACKAGE>                                                                                                                                                                                                                                            