<PACKAGE>                                                                                                                                                                                                                                             
<FILEREFERENCETABLE>                                                                                                                                                                                                                                  
<FILECOUNT>31</FILECOUNT>                                                                                                                                                                                                                             
<FILE>                                                                                                                                                                                                                                                
<FILENUMBER>1</FILENUMBER>                                                                                                                                                                                                                            
<FILENAME>SYS25185.T091051.RA000.NNPRGZ7C.R0145873</FILENAME>                                                                                                                                                                                         
</FILE>                                                                                                                                                                                                                                               
<FILE>                                                                                                                                                                                                                                                
<FILENUMBER>2</FILENUMBER>                                                                                                                                                                                                                            
<FILENAME>PD.VSZCOP.CPMLIB(YEIVVAL)</FILENAME>                                                                                                                                                                                                        
</FILE>                                                                                                                                                                                                                                               
<FILE>                                                                                                                                                                                                                                                
<FILENUMBER>3</FILENUMBER>                                                                                                                                                                                                                            
<FILENAME>PD.VSEXPL.CPMLIB(YEIVFAL)</FILENAME>                                                                                                                                                                                                        
</FILE>                                                                                                                                                                                                                                               
<FILE>                                                                                                                                                                                                                                                
<FILENUMBER>4</FILENUMBER>                                                                                                                                                                                                                            
<FILENAME>PD.VSEXPL.CPMLIB(YEIVFRE)</FILENAME>                                                                                                                                                                                                        
</FILE>                                                                                                                                                                                                                                               
<FILE>                                                                                                                                                                                                                                                
<FILENUMBER>5</FILENUMBER>                                                                                                                                                                                                                            
<FILENAME>PD.VSTEST.CPMLIB(YEIVFCT)</FILENAME>                                                                                                                                                                                                        
</FILE>                                                                                                                                                                                                                                               
<FILE>                                                                                                                                                                                                                                                
<FILENUMBER>6</FILENUMBER>                                                                                                                                                                                                                            
<FILENAME>PD.VSEXPL.CPMLIB(YEIVSAS)</FILENAME>                                                                                                                                                                                                        
</FILE>                                                                                                                                                                                                                                               
<FILE>                                                                                                                                                                                                                                                
<FILENUMBER>7</FILENUMBER>                                                                                                                                                                                                                            
<FILENAME>PD.VSEXPL.CPMLIB(YEIVER1)</FILENAME>                                                                                                                                                                                                        
</FILE>                                                                                                                                                                                                                                               
<FILE>                                                                                                                                                                                                                                                
<FILENUMBER>8</FILENUMBER>                                                                                                                                                                                                                            
<FILENAME>PD.VSTEST.CPMLIB(YEIVSR1)</FILENAME>                                                                                                                                                                                                        
</FILE>                                                                                                                                                                                                                                               
<FILE>                                                                                                                                                                                                                                                
<FILENUMBER>9</FILENUMBER>                                                                                                                                                                                                                            
<FILENAME>SYS25185.T091051.RA000.NNPRGZ7C.R0145876(YSTIED1)</FILENAME>                                                                                                                                                                                
</FILE>                                                                                                                                                                                                                                               
<FILE>                                                                                                                                                                                                                                                
<FILENUMBER>10</FILENUMBER>                                                                                                                                                                                                                           
<FILENAME>SYS25185.T091051.RA000.NNPRGZ7C.R0145876(YSTISD1)</FILENAME>                                                                                                                                                                                
</FILE>                                                                                                                                                                                                                                               
<FILE>                                                                                                                                                                                                                                                
<FILENUMBER>11</FILENUMBER>                                                                                                                                                                                                                           
<FILENAME>PD.VSEXPL.CPMLIB(MEIVIK1)</FILENAME>                                                                                                                                                                                                        
</FILE>                                                                                                                                                                                                                                               
<FILE>                                                                                                                                                                                                                                                
<FILENUMBER>12</FILENUMBER>                                                                                                                                                                                                                           
<FILENAME>PD.VSEXPL.CPMLIB(MEIVOK1)</FILENAME>                                                                                                                                                                                                        
</FILE>                                                                                                                                                                                                                                               
<FILE>                                                                                                                                                                                                                                                
<FILENUMBER>13</FILENUMBER>                                                                                                                                                                                                                           
<FILENAME>PD.VSEXPL.CPMLIB(MEIVIK2)</FILENAME>                                                                                                                                                                                                        
</FILE>                                                                                                                                                                                                                                               
<FILE>                                                                                                                                                                                                                                                
<FILENUMBER>14</FILENUMBER>                                                                                                                                                                                                                           
<FILENAME>PD.VSEXPL.CPMLIB(MEIVOK2)</FILENAME>                                                                                                                                                                                                        
</FILE>                                                                                                                                                                                                                                               
<FILE>                                                                                                                                                                                                                                                
<FILENUMBER>15</FILENUMBER>                                                                                                                                                                                                                           
<FILENAME>PD.VSEXPL.CPMLIB(MEIVIK3)</FILENAME>                                                                                                                                                                                                        
</FILE>                                                                                                                                                                                                                                               
<FILE>                                                                                                                                                                                                                                                
<FILENUMBER>16</FILENUMBER>                                                                                                                                                                                                                           
<FILENAME>PD.VSTEST.CPMLIB(MEIVOK3)</FILENAME>                                                                                                                                                                                                        
</FILE>                                                                                                                                                                                                                                               
<FILE>                                                                                                                                                                                                                                                
<FILENUMBER>17</FILENUMBER>                                                                                                                                                                                                                           
<FILENAME>PD.VSEXPL.CPMLIB(MEIVIK4)</FILENAME>                                                                                                                                                                                                        
</FILE>                                                                                                                                                                                                                                               
<FILE>                                                                                                                                                                                                                                                
<FILENUMBER>18</FILENUMBER>                                                                                                                                                                                                                           
<FILENAME>PD.VSEXPL.CPMLIB(MEIVOK4)</FILENAME>                                                                                                                                                                                                        
</FILE>                                                                                                                                                                                                                                               
<FILE>                                                                                                                                                                                                                                                
<FILENUMBER>19</FILENUMBER>                                                                                                                                                                                                                           
<FILENAME>PD.VSEXPL.CPMLIB(MEIVIK5)</FILENAME>                                                                                                                                                                                                        
</FILE>                                                                                                                                                                                                                                               
<FILE>                                                                                                                                                                                                                                                
<FILENUMBER>20</FILENUMBER>                                                                                                                                                                                                                           
<FILENAME>PD.VSEXPL.CPMLIB(MEIVOK5)</FILENAME>                                                                                                                                                                                                        
</FILE>                                                                                                                                                                                                                                               
<FILE>                                                                                                                                                                                                                                                
<FILENUMBER>21</FILENUMBER>                                                                                                                                                                                                                           
<FILENAME>PD.VSEXPL.CPMLIB(MEIVIK6)</FILENAME>                                                                                                                                                                                                        
</FILE>                                                                                                                                                                                                                                               
<FILE>                                                                                                                                                                                                                                                
<FILENUMBER>22</FILENUMBER>                                                                                                                                                                                                                           
<FILENAME>PD.VSEXPL.CPMLIB(MEIVOK6)</FILENAME>                                                                                                                                                                                                        
</FILE>                                                                                                                                                                                                                                               
<FILE>                                                                                                                                                                                                                                                
<FILENUMBER>23</FILENUMBER>                                                                                                                                                                                                                           
<FILENAME>PD.VSEXPL.CPMLIB(MEIVIK7)</FILENAME>                                                                                                                                                                                                        
</FILE>                                                                                                                                                                                                                                               
<FILE>                                                                                                                                                                                                                                                
<FILENUMBER>24</FILENUMBER>                                                                                                                                                                                                                           
<FILENAME>PD.VSEXPL.CPMLIB(MEIVOK7)</FILENAME>                                                                                                                                                                                                        
</FILE>                                                                                                                                                                                                                                               
<FILE>                                                                                                                                                                                                                                                
<FILENUMBER>25</FILENUMBER>                                                                                                                                                                                                                           
<FILENAME>PD.VSEXPL.CPMLIB(MEIVIK8)</FILENAME>                                                                                                                                                                                                        
</FILE>                                                                                                                                                                                                                                               
<FILE>                                                                                                                                                                                                                                                
<FILENUMBER>26</FILENUMBER>                                                                                                                                                                                                                           
<FILENAME>PD.VSEXPL.CPMLIB(MEIVOK8)</FILENAME>                                                                                                                                                                                                        
</FILE>                                                                                                                                                                                                                                               
<FILE>                                                                                                                                                                                                                                                
<FILENUMBER>27</FILENUMBER>                                                                                                                                                                                                                           
<FILENAME>PD.VSEXPL.CPMLIB(MEIVIK9)</FILENAME>                                                                                                                                                                                                        
</FILE>                                                                                                                                                                                                                                               
<FILE>                                                                                                                                                                                                                                                
<FILENUMBER>28</FILENUMBER>                                                                                                                                                                                                                           
<FILENAME>PD.VSTEST.CPMLIB(MEIVOK9)</FILENAME>                                                                                                                                                                                                        
</FILE>                                                                                                                                                                                                                                               
<FILE>                                                                                                                                                                                                                                                
<FILENUMBER>29</FILENUMBER>                                                                                                                                                                                                                           
<FILENAME>SYS25185.T091051.RA000.NNPRGZ7C.R0145876(YSRV010)</FILENAME>                                                                                                                                                                                
</FILE>                                                                                                                                                                                                                                               
<FILE>                                                                                                                                                                                                                                                
<FILENUMBER>30</FILENUMBER>                                                                                                                                                                                                                           
<FILENAME>PD.VSEXPL.CPMLIB(MSVCINP)</FILENAME>                                                                                                                                                                                                        
</FILE>                                                                                                                                                                                                                                               
<FILE>                                                                                                                                                                                                                                                
<FILENUMBER>31</FILENUMBER>                                                                                                                                                                                                                           
<FILENAME>PD.VSTEST.CPMLIB(MSVCOUT)</FILENAME>                                                                                                                                                                                                        
</FILE>                                                                                                                                                                                                                                               
</FILEREFERENCETABLE>                                                                                                                                                                                                                                 
<MESSAGE>                                                                                                                                                                                                                                             
<MSGNUMBER>IGYCB7310-W</MSGNUMBER>                                                                                                                                                                                                                    
<MSGLINE>204</MSGLINE>                                                                                                                                                                                                                                
<MSGFILE>1</MSGFILE>                                                                                                                                                                                                                                  
<MSGTEXT>                                                                                                                                                                                                                                             
The &quot;PERFORM&quot; statement at &quot;PERFORM (line 11797.1)&quot; cannot reach its exit.                                                                                                                                                        
</MSGTEXT>                                                                                                                                                                                                                                            
</MESSAGE>                                                                                                                                                                                                                                            
<MESSAGE>                                                                                                                                                                                                                                             
<MSGNUMBER>IGYCB7310-W</MSGNUMBER>                                                                                                                                                                                                                    
<MSGLINE>257</MSGLINE>                                                                                                                                                                                                                                
<MSGFILE>1</MSGFILE>                                                                                                                                                                                                                                  
<MSGTEXT>                                                                                                                                                                                                                                             
The &quot;PERFORM&quot; statement at &quot;PERFORM (line 11850.1)&quot; cannot reach its exit.                                                                                                                                                        
</MSGTEXT>                                                                                                                                                                                                                                            
</MESSAGE>                                                                                                                                                                                                                                            
<MESSAGE>                                                                                                                                                                                                                                             
<MSGNUMBER>IGYCB7310-W</MSGNUMBER>                                                                                                                                                                                                                    
<MSGLINE>296</MSGLINE>                                                                                                                                                                                                                                
<MSGFILE>1</MSGFILE>                                                                                                                                                                                                                                  
<MSGTEXT>                                                                                                                                                                                                                                             
The &quot;PERFORM&quot; statement at &quot;PERFORM (line 11889.1)&quot; cannot reach its exit.                                                                                                                                                        
</MSGTEXT>                                                                                                                                                                                                                                            
</MESSAGE>                                                                                                                                                                                                                                            
<MESSAGE>                                                                                                                                                                                                                                             
<MSGNUMBER>IGYCB7310-W</MSGNUMBER>                                                                                                                                                                                                                    
<MSGLINE>311</MSGLINE>                                                                                                                                                                                                                                
<MSGFILE>1</MSGFILE>                                                                                                                                                                                                                                  
<MSGTEXT>                                                                                                                                                                                                                                             
The &quot;PERFORM&quot; statement at &quot;PERFORM (line 11904.1)&quot; cannot reach its exit.                                                                                                                                                        
</MSGTEXT>                                                                                                                                                                                                                                            
</MESSAGE>                                                                                                                                                                                                                                            
<MESSAGE>                                                                                                                                                                                                                                             
<MSGNUMBER>IGYCB7310-W</MSGNUMBER>                                                                                                                                                                                                                    
<MSGLINE>331</MSGLINE>                                                                                                                                                                                                                                
<MSGFILE>1</MSGFILE>                                                                                                                                                                                                                                  
<MSGTEXT>                                                                                                                                                                                                                                             
The &quot;PERFORM&quot; statement at &quot;PERFORM (line 11924.1)&quot; cannot reach its exit.                                                                                                                                                        
</MSGTEXT>                                                                                                                                                                                                                                            
</MESSAGE>                                                                                                                                                                                                                                            
<MESSAGE>                                                                                                                                                                                                                                             
<MSGNUMBER>IGYPA3228-W</MSGNUMBER>                                                                                                                                                                                                                    
<MSGLINE>909</MSGLINE>                                                                                                                                                                                                                                
<MSGFILE>1</MSGFILE>                                                                                                                                                                                                                                  
<MSGTEXT>                                                                                                                                                                                                                                             
High order digit positions in the sender may be truncated in the move to receiver &quot;EIVER1-L0105-MNTTTC (NUMERIC NON-INTEGER)&quot;.                                                                                                              
</MSGTEXT>                                                                                                                                                                                                                                            
</MESSAGE>                                                                                                                                                                                                                                            
<MESSAGE>                                                                                                                                                                                                                                             
<MSGNUMBER>IGYPA3228-W</MSGNUMBER>                                                                                                                                                                                                                    
<MSGLINE>910</MSGLINE>                                                                                                                                                                                                                                
<MSGFILE>1</MSGFILE>                                                                                                                                                                                                                                  
<MSGTEXT>                                                                                                                                                                                                                                             
High order digit positions in the sender may be truncated in the move to receiver &quot;EIVER1-L0105-MNTRSTDU (NUMERIC NON-INTEGER)&quot;.                                                                                                            
</MSGTEXT>                                                                                                                                                                                                                                            
</MESSAGE>                                                                                                                                                                                                                                            
<MESSAGE>                                                                                                                                                                                                                                             
<MSGNUMBER>IGYCB7310-W</MSGNUMBER>                                                                                                                                                                                                                    
<MSGLINE>1000</MSGLINE>                                                                                                                                                                                                                               
<MSGFILE>1</MSGFILE>                                                                                                                                                                                                                                  
<MSGTEXT>                                                                                                                                                                                                                                             
The &quot;PERFORM&quot; statement at &quot;PERFORM (line 12593.1)&quot; cannot reach its exit.                                                                                                                                                        
</MSGTEXT>                                                                                                                                                                                                                                            
</MESSAGE>                                                                                                                                                                                                                                            
<MESSAGE>                                                                                                                                                                                                                                             
<MSGNUMBER>IGYCB7310-W</MSGNUMBER>                                                                                                                                                                                                                    
<MSGLINE>1015</MSGLINE>                                                                                                                                                                                                                               
<MSGFILE>1</MSGFILE>                                                                                                                                                                                                                                  
<MSGTEXT>                                                                                                                                                                                                                                             
The &quot;PERFORM&quot; statement at &quot;PERFORM (line 12608.1)&quot; cannot reach its exit.                                                                                                                                                        
</MSGTEXT>                                                                                                                                                                                                                                            
</MESSAGE>                                                                                                                                                                                                                                            
<MESSAGE>                                                                                                                                                                                                                                             
<MSGNUMBER>IGYCB7310-W</MSGNUMBER>                                                                                                                                                                                                                    
<MSGLINE>1099</MSGLINE>                                                                                                                                                                                                                               
<MSGFILE>1</MSGFILE>                                                                                                                                                                                                                                  
<MSGTEXT>                                                                                                                                                                                                                                             
The &quot;PERFORM&quot; statement at &quot;PERFORM (line 12692.1)&quot; cannot reach its exit.                                                                                                                                                        
</MSGTEXT>                                                                                                                                                                                                                                            
</MESSAGE>                                                                                                                                                                                                                                            
</PACKAGE>                                                                                                                                                                                                                                            