<PACKAGE>                                                                                                                                                                                                                                             
<FILEREFERENCETABLE>                                                                                                                                                                                                                                  
<FILECOUNT>2</FILECOUNT>                                                                                                                                                                                                                              
<FILE>                                                                                                                                                                                                                                                
<FILENUMBER>1</FILENUMBER>                                                                                                                                                                                                                            
<FILENAME>NNPRGZ7.NNPRGZ7C.J0040394.D0000105.?</FILENAME>                                                                                                                                                                                             
</FILE>                                                                                                                                                                                                                                               
<FILE>                                                                                                                                                                                                                                                
<FILENUMBER>2</FILENUMBER>                                                                                                                                                                                                                            
<FILENAME>ED.AD7RFO5.SOURCE(YCTRSTH)</FILENAME>                                                                                                                                                                                                       
</FILE>                                                                                                                                                                                                                                               
</FILEREFERENCETABLE>                                                                                                                                                                                                                                 
<MESSAGE>
<MSGNUMBER>00001I</MSGNUMBER>
<MSGLINE>000000</MSGLINE>
<MSGFILE>1</MSGFILE>
<MSGTEXT>LA TAILLE MAXIMALE DU FLUX LTNV EST DE  311439  CARACTERES.</MSGTEXT>
</MESSAGE>
<MESSAGE>
<MSGNUMBER>00002W</MSGNUMBER>
<MSGLINE>000000</MSGLINE>
<MSGFILE>1</MSGFILE>
<MSGTEXT>LA TMC NE MANIPULE PAS DE FLUX SUPERIEUR A 32 KO</MSGTEXT>
</MESSAGE>
</PACKAGE>