<PACKAGE>                                                                                                                                                                                                                                             
<FILEREFERENCETABLE>                                                                                                                                                                                                                                  
<FILECOUNT>2</FILECOUNT>                                                                                                                                                                                                                              
<FILE>                                                                                                                                                                                                                                                
<FILENUMBER>1</FILENUMBER>                                                                                                                                                                                                                            
<FILENAME>NNPRGZ7.NNPRGZ7C.J0019106.D0000105.?</FILENAME>                                                                                                                                                                                             
</FILE>                                                                                                                                                                                                                                               
<FILE>                                                                                                                                                                                                                                                
<FILENUMBER>2</FILENUMBER>                                                                                                                                                                                                                            
<FILENAME>ED.AD7FCTE.SOURCE(MEIVO7K)</FILENAME>                                                                                                                                                                                                       
</FILE>                                                                                                                                                                                                                                               
</FILEREFERENCETABLE>                                                                                                                                                                                                                                 
<MESSAGE>
<MSGNUMBER>00001I</MSGNUMBER>
<MSGLINE>000000</MSGLINE>
<MSGFILE>1</MSGFILE>
<MSGTEXT>LA TAILLE MAXIMALE DU FLUX LTNV EST DE    5419  CARACTERES.</MSGTEXT>
</MESSAGE>
</PACKAGE>