<PACKAGE>                                                                                                                                                                                                                                             
<FILEREFERENCETABLE>                                                                                                                                                                                                                                  
<FILECOUNT>61</FILECOUNT>                                                                                                                                                                                                                             
<FILE>                                                                                                                                                                                                                                                
<FILENUMBER>1</FILENUMBER>                                                                                                                                                                                                                            
<FILENAME>SYS25240.T111921.RA000.NNPRGZ7C.R0147164</FILENAME>                                                                                                                                                                                         
</FILE>                                                                                                                                                                                                                                               
<FILE>                                                                                                                                                                                                                                                
<FILENUMBER>2</FILENUMBER>                                                                                                                                                                                                                            
<FILENAME>PD.VSEXPL.CPMLIB(MSVCINP)</FILENAME>                                                                                                                                                                                                        
</FILE>                                                                                                                                                                                                                                               
<FILE>                                                                                                                                                                                                                                                
<FILENUMBER>3</FILENUMBER>                                                                                                                                                                                                                            
<FILENAME>PD.VSTEST.CPMLIB(MSVCOUT)</FILENAME>                                                                                                                                                                                                        
</FILE>                                                                                                                                                                                                                                               
<FILE>                                                                                                                                                                                                                                                
<FILENUMBER>4</FILENUMBER>                                                                                                                                                                                                                            
<FILENAME>PD.VSEXPL.CPMLIB(MSVCINPL)</FILENAME>                                                                                                                                                                                                       
</FILE>                                                                                                                                                                                                                                               
<FILE>                                                                                                                                                                                                                                                
<FILENUMBER>5</FILENUMBER>                                                                                                                                                                                                                            
<FILENAME>PD.VSTEST.CPMLIB(MSVCOUTL)</FILENAME>                                                                                                                                                                                                       
</FILE>                                                                                                                                                                                                                                               
<FILE>                                                                                                                                                                                                                                                
<FILENUMBER>6</FILENUMBER>                                                                                                                                                                                                                            
<FILENAME>PD.VSTEST.CPMLIB(MEIVI71)</FILENAME>                                                                                                                                                                                                        
</FILE>                                                                                                                                                                                                                                               
<FILE>                                                                                                                                                                                                                                                
<FILENUMBER>7</FILENUMBER>                                                                                                                                                                                                                            
<FILENAME>PD.VSTEST.CPMLIB(MEIVO71)</FILENAME>                                                                                                                                                                                                        
</FILE>                                                                                                                                                                                                                                               
<FILE>                                                                                                                                                                                                                                                
<FILENUMBER>8</FILENUMBER>                                                                                                                                                                                                                            
<FILENAME>PD.VSTEST.CPMLIB(MEIVI7B)</FILENAME>                                                                                                                                                                                                        
</FILE>                                                                                                                                                                                                                                               
<FILE>                                                                                                                                                                                                                                                
<FILENUMBER>9</FILENUMBER>                                                                                                                                                                                                                            
<FILENAME>PD.VSTEST.CPMLIB(MEIVO7B)</FILENAME>                                                                                                                                                                                                        
</FILE>                                                                                                                                                                                                                                               
<FILE>                                                                                                                                                                                                                                                
<FILENUMBER>10</FILENUMBER>                                                                                                                                                                                                                           
<FILENAME>PD.VSTEST.CPMLIB(MEIVI7D)</FILENAME>                                                                                                                                                                                                        
</FILE>                                                                                                                                                                                                                                               
<FILE>                                                                                                                                                                                                                                                
<FILENUMBER>11</FILENUMBER>                                                                                                                                                                                                                           
<FILENAME>PD.VSTEST.CPMLIB(MEIVO7D)</FILENAME>                                                                                                                                                                                                        
</FILE>                                                                                                                                                                                                                                               
<FILE>                                                                                                                                                                                                                                                
<FILENUMBER>12</FILENUMBER>                                                                                                                                                                                                                           
<FILENAME>PD.VSTEST.CPMLIB(MEIVI7C)</FILENAME>                                                                                                                                                                                                        
</FILE>                                                                                                                                                                                                                                               
<FILE>                                                                                                                                                                                                                                                
<FILENUMBER>13</FILENUMBER>                                                                                                                                                                                                                           
<FILENAME>PD.VSTEST.CPMLIB(MEIVO7C)</FILENAME>                                                                                                                                                                                                        
</FILE>                                                                                                                                                                                                                                               
<FILE>                                                                                                                                                                                                                                                
<FILENUMBER>14</FILENUMBER>                                                                                                                                                                                                                           
<FILENAME>PD.VSTEST.CPMLIB(MEIVI7E)</FILENAME>                                                                                                                                                                                                        
</FILE>                                                                                                                                                                                                                                               
<FILE>                                                                                                                                                                                                                                                
<FILENUMBER>15</FILENUMBER>                                                                                                                                                                                                                           
<FILENAME>PD.VSTEST.CPMLIB(MEIVO7E)</FILENAME>                                                                                                                                                                                                        
</FILE>                                                                                                                                                                                                                                               
<FILE>                                                                                                                                                                                                                                                
<FILENUMBER>16</FILENUMBER>                                                                                                                                                                                                                           
<FILENAME>PD.VSTEST.CPMLIB(MEIVI7F)</FILENAME>                                                                                                                                                                                                        
</FILE>                                                                                                                                                                                                                                               
<FILE>                                                                                                                                                                                                                                                
<FILENUMBER>17</FILENUMBER>                                                                                                                                                                                                                           
<FILENAME>PD.VSTEST.CPMLIB(MEIVO7F)</FILENAME>                                                                                                                                                                                                        
</FILE>                                                                                                                                                                                                                                               
<FILE>                                                                                                                                                                                                                                                
<FILENUMBER>18</FILENUMBER>                                                                                                                                                                                                                           
<FILENAME>PD.VSTEST.CPMLIB(MEIVI7G)</FILENAME>                                                                                                                                                                                                        
</FILE>                                                                                                                                                                                                                                               
<FILE>                                                                                                                                                                                                                                                
<FILENUMBER>19</FILENUMBER>                                                                                                                                                                                                                           
<FILENAME>PD.VSTEST.CPMLIB(MEIVO7G)</FILENAME>                                                                                                                                                                                                        
</FILE>                                                                                                                                                                                                                                               
<FILE>                                                                                                                                                                                                                                                
<FILENUMBER>20</FILENUMBER>                                                                                                                                                                                                                           
<FILENAME>PD.VSTEST.CPMLIB(MEIVI7H)</FILENAME>                                                                                                                                                                                                        
</FILE>                                                                                                                                                                                                                                               
<FILE>                                                                                                                                                                                                                                                
<FILENUMBER>21</FILENUMBER>                                                                                                                                                                                                                           
<FILENAME>PD.VSTEST.CPMLIB(MEIVO7H)</FILENAME>                                                                                                                                                                                                        
</FILE>                                                                                                                                                                                                                                               
<FILE>                                                                                                                                                                                                                                                
<FILENUMBER>22</FILENUMBER>                                                                                                                                                                                                                           
<FILENAME>PD.VSTEST.CPMLIB(MEIVI7I)</FILENAME>                                                                                                                                                                                                        
</FILE>                                                                                                                                                                                                                                               
<FILE>                                                                                                                                                                                                                                                
<FILENUMBER>23</FILENUMBER>                                                                                                                                                                                                                           
<FILENAME>PD.VSTEST.CPMLIB(MEIVO7I)</FILENAME>                                                                                                                                                                                                        
</FILE>                                                                                                                                                                                                                                               
<FILE>                                                                                                                                                                                                                                                
<FILENUMBER>24</FILENUMBER>                                                                                                                                                                                                                           
<FILENAME>PD.VSTEST.CPMLIB(MEIVI7J)</FILENAME>                                                                                                                                                                                                        
</FILE>                                                                                                                                                                                                                                               
<FILE>                                                                                                                                                                                                                                                
<FILENUMBER>25</FILENUMBER>                                                                                                                                                                                                                           
<FILENAME>PD.VSTEST.CPMLIB(MEIVO7J)</FILENAME>                                                                                                                                                                                                        
</FILE>                                                                                                                                                                                                                                               
<FILE>                                                                                                                                                                                                                                                
<FILENUMBER>26</FILENUMBER>                                                                                                                                                                                                                           
<FILENAME>PD.VSTEST.CPMLIB(MEIVI7K)</FILENAME>                                                                                                                                                                                                        
</FILE>                                                                                                                                                                                                                                               
<FILE>                                                                                                                                                                                                                                                
<FILENUMBER>27</FILENUMBER>                                                                                                                                                                                                                           
<FILENAME>PD.VSTEST.CPMLIB(MEIVO7K)</FILENAME>                                                                                                                                                                                                        
</FILE>                                                                                                                                                                                                                                               
<FILE>                                                                                                                                                                                                                                                
<FILENUMBER>28</FILENUMBER>                                                                                                                                                                                                                           
<FILENAME>PD.VSTEST.CPMLIB(MEIVI7L)</FILENAME>                                                                                                                                                                                                        
</FILE>                                                                                                                                                                                                                                               
<FILE>                                                                                                                                                                                                                                                
<FILENUMBER>29</FILENUMBER>                                                                                                                                                                                                                           
<FILENAME>PD.VSTEST.CPMLIB(MEIVO7L)</FILENAME>                                                                                                                                                                                                        
</FILE>                                                                                                                                                                                                                                               
<FILE>                                                                                                                                                                                                                                                
<FILENUMBER>30</FILENUMBER>                                                                                                                                                                                                                           
<FILENAME>PD.VSTEST.CPMLIB(MEIVI71L)</FILENAME>                                                                                                                                                                                                       
</FILE>                                                                                                                                                                                                                                               
<FILE>                                                                                                                                                                                                                                                
<FILENUMBER>31</FILENUMBER>                                                                                                                                                                                                                           
<FILENAME>PD.VSTEST.CPMLIB(MEIVO71L)</FILENAME>                                                                                                                                                                                                       
</FILE>                                                                                                                                                                                                                                               
<FILE>                                                                                                                                                                                                                                                
<FILENUMBER>32</FILENUMBER>                                                                                                                                                                                                                           
<FILENAME>PD.VSTEST.CPMLIB(MEIVI7BL)</FILENAME>                                                                                                                                                                                                       
</FILE>                                                                                                                                                                                                                                               
<FILE>                                                                                                                                                                                                                                                
<FILENUMBER>33</FILENUMBER>                                                                                                                                                                                                                           
<FILENAME>PD.VSTEST.CPMLIB(MEIVO7BL)</FILENAME>                                                                                                                                                                                                       
</FILE>                                                                                                                                                                                                                                               
<FILE>                                                                                                                                                                                                                                                
<FILENUMBER>34</FILENUMBER>                                                                                                                                                                                                                           
<FILENAME>PD.VSTEST.CPMLIB(MEIVI7DL)</FILENAME>                                                                                                                                                                                                       
</FILE>                                                                                                                                                                                                                                               
<FILE>                                                                                                                                                                                                                                                
<FILENUMBER>35</FILENUMBER>                                                                                                                                                                                                                           
<FILENAME>PD.VSTEST.CPMLIB(MEIVO7DL)</FILENAME>                                                                                                                                                                                                       
</FILE>                                                                                                                                                                                                                                               
<FILE>                                                                                                                                                                                                                                                
<FILENUMBER>36</FILENUMBER>                                                                                                                                                                                                                           
<FILENAME>PD.VSTEST.CPMLIB(MEIVI7CL)</FILENAME>                                                                                                                                                                                                       
</FILE>                                                                                                                                                                                                                                               
<FILE>                                                                                                                                                                                                                                                
<FILENUMBER>37</FILENUMBER>                                                                                                                                                                                                                           
<FILENAME>PD.VSTEST.CPMLIB(MEIVO7CL)</FILENAME>                                                                                                                                                                                                       
</FILE>                                                                                                                                                                                                                                               
<FILE>                                                                                                                                                                                                                                                
<FILENUMBER>38</FILENUMBER>                                                                                                                                                                                                                           
<FILENAME>PD.VSTEST.CPMLIB(MEIVI7EL)</FILENAME>                                                                                                                                                                                                       
</FILE>                                                                                                                                                                                                                                               
<FILE>                                                                                                                                                                                                                                                
<FILENUMBER>39</FILENUMBER>                                                                                                                                                                                                                           
<FILENAME>PD.VSTEST.CPMLIB(MEIVO7EL)</FILENAME>                                                                                                                                                                                                       
</FILE>                                                                                                                                                                                                                                               
<FILE>                                                                                                                                                                                                                                                
<FILENUMBER>40</FILENUMBER>                                                                                                                                                                                                                           
<FILENAME>PD.VSTEST.CPMLIB(MEIVI7FL)</FILENAME>                                                                                                                                                                                                       
</FILE>                                                                                                                                                                                                                                               
<FILE>                                                                                                                                                                                                                                                
<FILENUMBER>41</FILENUMBER>                                                                                                                                                                                                                           
<FILENAME>PD.VSTEST.CPMLIB(MEIVO7FL)</FILENAME>                                                                                                                                                                                                       
</FILE>                                                                                                                                                                                                                                               
<FILE>                                                                                                                                                                                                                                                
<FILENUMBER>42</FILENUMBER>                                                                                                                                                                                                                           
<FILENAME>PD.VSTEST.CPMLIB(MEIVI7GL)</FILENAME>                                                                                                                                                                                                       
</FILE>                                                                                                                                                                                                                                               
<FILE>                                                                                                                                                                                                                                                
<FILENUMBER>43</FILENUMBER>                                                                                                                                                                                                                           
<FILENAME>PD.VSTEST.CPMLIB(MEIVO7GL)</FILENAME>                                                                                                                                                                                                       
</FILE>                                                                                                                                                                                                                                               
<FILE>                                                                                                                                                                                                                                                
<FILENUMBER>44</FILENUMBER>                                                                                                                                                                                                                           
<FILENAME>PD.VSTEST.CPMLIB(MEIVI7HL)</FILENAME>                                                                                                                                                                                                       
</FILE>                                                                                                                                                                                                                                               
<FILE>                                                                                                                                                                                                                                                
<FILENUMBER>45</FILENUMBER>                                                                                                                                                                                                                           
<FILENAME>PD.VSTEST.CPMLIB(MEIVO7HL)</FILENAME>                                                                                                                                                                                                       
</FILE>                                                                                                                                                                                                                                               
<FILE>                                                                                                                                                                                                                                                
<FILENUMBER>46</FILENUMBER>                                                                                                                                                                                                                           
<FILENAME>PD.VSTEST.CPMLIB(MEIVI7IL)</FILENAME>                                                                                                                                                                                                       
</FILE>                                                                                                                                                                                                                                               
<FILE>                                                                                                                                                                                                                                                
<FILENUMBER>47</FILENUMBER>                                                                                                                                                                                                                           
<FILENAME>PD.VSTEST.CPMLIB(MEIVO7IL)</FILENAME>                                                                                                                                                                                                       
</FILE>                                                                                                                                                                                                                                               
<FILE>                                                                                                                                                                                                                                                
<FILENUMBER>48</FILENUMBER>                                                                                                                                                                                                                           
<FILENAME>PD.VSTEST.CPMLIB(MEIVI7JL)</FILENAME>                                                                                                                                                                                                       
</FILE>                                                                                                                                                                                                                                               
<FILE>                                                                                                                                                                                                                                                
<FILENUMBER>49</FILENUMBER>                                                                                                                                                                                                                           
<FILENAME>PD.VSTEST.CPMLIB(MEIVO7JL)</FILENAME>                                                                                                                                                                                                       
</FILE>                                                                                                                                                                                                                                               
<FILE>                                                                                                                                                                                                                                                
<FILENUMBER>50</FILENUMBER>                                                                                                                                                                                                                           
<FILENAME>PD.VSTEST.CPMLIB(MEIVI7KL)</FILENAME>                                                                                                                                                                                                       
</FILE>                                                                                                                                                                                                                                               
<FILE>                                                                                                                                                                                                                                                
<FILENUMBER>51</FILENUMBER>                                                                                                                                                                                                                           
<FILENAME>PD.VSTEST.CPMLIB(MEIVO7KL)</FILENAME>                                                                                                                                                                                                       
</FILE>                                                                                                                                                                                                                                               
<FILE>                                                                                                                                                                                                                                                
<FILENUMBER>52</FILENUMBER>                                                                                                                                                                                                                           
<FILENAME>PD.VSTEST.CPMLIB(MEIVI7LL)</FILENAME>                                                                                                                                                                                                       
</FILE>                                                                                                                                                                                                                                               
<FILE>                                                                                                                                                                                                                                                
<FILENUMBER>53</FILENUMBER>                                                                                                                                                                                                                           
<FILENAME>PD.VSTEST.CPMLIB(MEIVO7LL)</FILENAME>                                                                                                                                                                                                       
</FILE>                                                                                                                                                                                                                                               
<FILE>                                                                                                                                                                                                                                                
<FILENUMBER>54</FILENUMBER>                                                                                                                                                                                                                           
<FILENAME>SYS25240.T111921.RA000.NNPRGZ7C.R0147167(YTMCFAL)</FILENAME>                                                                                                                                                                                
</FILE>                                                                                                                                                                                                                                               
<FILE>                                                                                                                                                                                                                                                
<FILENUMBER>55</FILENUMBER>                                                                                                                                                                                                                           
<FILENAME>SYS25240.T111921.RA000.NNPRGZ7C.R0147167(YTMCFRE)</FILENAME>                                                                                                                                                                                
</FILE>                                                                                                                                                                                                                                               
<FILE>                                                                                                                                                                                                                                                
<FILENUMBER>56</FILENUMBER>                                                                                                                                                                                                                           
<FILENAME>SYS25240.T111921.RA000.NNPRGZ7C.R0147167(YTMCE00)</FILENAME>                                                                                                                                                                                
</FILE>                                                                                                                                                                                                                                               
<FILE>                                                                                                                                                                                                                                                
<FILENUMBER>57</FILENUMBER>                                                                                                                                                                                                                           
<FILENAME>SYS25240.T111921.RA000.NNPRGZ7C.R0147167(YLTNFAL)</FILENAME>                                                                                                                                                                                
</FILE>                                                                                                                                                                                                                                               
<FILE>                                                                                                                                                                                                                                                
<FILENUMBER>58</FILENUMBER>                                                                                                                                                                                                                           
<FILENAME>SYS25240.T111921.RA000.NNPRGZ7C.R0147167(YLTNFRE)</FILENAME>                                                                                                                                                                                
</FILE>                                                                                                                                                                                                                                               
<FILE>                                                                                                                                                                                                                                                
<FILENUMBER>59</FILENUMBER>                                                                                                                                                                                                                           
<FILENAME>SYS25240.T111921.RA000.NNPRGZ7C.R0147167(YSRV010)</FILENAME>                                                                                                                                                                                
</FILE>                                                                                                                                                                                                                                               
<FILE>                                                                                                                                                                                                                                                
<FILENUMBER>60</FILENUMBER>                                                                                                                                                                                                                           
<FILENAME>SYS25240.T111921.RA000.NNPRGZ7C.R0147167(YTMCMAL)</FILENAME>                                                                                                                                                                                
</FILE>                                                                                                                                                                                                                                               
<FILE>                                                                                                                                                                                                                                                
<FILENUMBER>61</FILENUMBER>                                                                                                                                                                                                                           
<FILENAME>SYS25240.T111921.RA000.NNPRGZ7C.R0147167(YTMCMRE)</FILENAME>                                                                                                                                                                                
</FILE>                                                                                                                                                                                                                                               
</FILEREFERENCETABLE>                                                                                                                                                                                                                                 
<MESSAGE>                                                                                                                                                                                                                                             
<MSGNUMBER>IGYCB7312-I</MSGNUMBER>                                                                                                                                                                                                                    
<MSGLINE>1</MSGLINE>                                                                                                                                                                                                                                  
<MSGFILE>1</MSGFILE>                                                                                                                                                                                                                                  
<MSGTEXT>                                                                                                                                                                                                                                             
Procedure starting at &apos;TRT-RETOUR-TMCGAPEL&apos; (line 10584) was copied one or more times to be inlined for PERFORM statements. 3548 total bytes were generated from copying that procedure.                                                    
</MSGTEXT>                                                                                                                                                                                                                                            
</MESSAGE>                                                                                                                                                                                                                                            
<MESSAGE>                                                                                                                                                                                                                                             
<MSGNUMBER>IGYCB7312-I</MSGNUMBER>                                                                                                                                                                                                                    
<MSGLINE>1</MSGLINE>                                                                                                                                                                                                                                  
<MSGFILE>1</MSGFILE>                                                                                                                                                                                                                                  
<MSGTEXT>                                                                                                                                                                                                                                             
Procedure starting at &apos;LTNV-TO-COBOL&apos; (line 10517) was copied one or more times to be inlined for PERFORM statements. 2424 total bytes were generated from copying that procedure.                                                          
</MSGTEXT>                                                                                                                                                                                                                                            
</MESSAGE>                                                                                                                                                                                                                                            
<MESSAGE>                                                                                                                                                                                                                                             
<MSGNUMBER>IGYCB7312-I</MSGNUMBER>                                                                                                                                                                                                                    
<MSGLINE>1</MSGLINE>                                                                                                                                                                                                                                  
<MSGFILE>1</MSGFILE>                                                                                                                                                                                                                                  
<MSGTEXT>                                                                                                                                                                                                                                             
Procedure starting at &apos;COBOL-TO-LTNV&apos; (line 10553) was copied one or more times to be inlined for PERFORM statements. 1986 total bytes were generated from copying that procedure.                                                          
</MSGTEXT>                                                                                                                                                                                                                                            
</MESSAGE>                                                                                                                                                                                                                                            
</PACKAGE>                                                                                                                                                                                                                                            