<PACKAGE>                                                                                                                                                                                                                                             
<FILEREFERENCETABLE>                                                                                                                                                                                                                                  
<FILECOUNT>7</FILECOUNT>                                                                                                                                                                                                                              
<FILE>                                                                                                                                                                                                                                                
<FILENUMBER>1</FILENUMBER>                                                                                                                                                                                                                            
<FILENAME>SYS25171.T111435.RA000.NNPRGZ7C.R0194848</FILENAME>                                                                                                                                                                                         
</FILE>                                                                                                                                                                                                                                               
<FILE>                                                                                                                                                                                                                                                
<FILENUMBER>2</FILENUMBER>                                                                                                                                                                                                                            
<FILENAME>SYS25171.T111435.RA000.NNPRGZ7C.R0194851(YDB2DSP)</FILENAME>                                                                                                                                                                                
</FILE>                                                                                                                                                                                                                                               
<FILE>                                                                                                                                                                                                                                                
<FILENUMBER>3</FILENUMBER>                                                                                                                                                                                                                            
<FILENAME>SYS25171.T111435.RA000.NNPRGZ7C.R0194851(YDB2RET)</FILENAME>                                                                                                                                                                                
</FILE>                                                                                                                                                                                                                                               
<FILE>                                                                                                                                                                                                                                                
<FILENUMBER>4</FILENUMBER>                                                                                                                                                                                                                            
<FILENAME>PD.VSEXPL.CPMLIB(YEIVRGT)</FILENAME>                                                                                                                                                                                                        
</FILE>                                                                                                                                                                                                                                               
<FILE>                                                                                                                                                                                                                                                
<FILENUMBER>5</FILENUMBER>                                                                                                                                                                                                                            
<FILENAME>PD.VSEXPL.CPMLIB(YEIVM24)</FILENAME>                                                                                                                                                                                                        
</FILE>                                                                                                                                                                                                                                               
<FILE>                                                                                                                                                                                                                                                
<FILENUMBER>6</FILENUMBER>                                                                                                                                                                                                                            
<FILENAME>PD.VSEXPL.CPMLIB(YEIVFAL)</FILENAME>                                                                                                                                                                                                        
</FILE>                                                                                                                                                                                                                                               
<FILE>                                                                                                                                                                                                                                                
<FILENUMBER>7</FILENUMBER>                                                                                                                                                                                                                            
<FILENAME>PD.VSEXPL.CPMLIB(YEIVFRE)</FILENAME>                                                                                                                                                                                                        
</FILE>                                                                                                                                                                                                                                               
</FILEREFERENCETABLE>                                                                                                                                                                                                                                 
<MESSAGE>                                                                                                                                                                                                                                             
<MSGNUMBER>IGYOS4077-I</MSGNUMBER>                                                                                                                                                                                                                    
<MSGLINE>1</MSGLINE>                                                                                                                                                                                                                                  
<MSGFILE>1</MSGFILE>                                                                                                                                                                                                                                  
<MSGTEXT>                                                                                                                                                                                                                                             
DSNH4790I DSNHPSRV  DSNHDECP HAS CCSID 297 IN EFFECT                                                                                                                                                                                                  
</MSGTEXT>                                                                                                                                                                                                                                            
</MESSAGE>                                                                                                                                                                                                                                            
<MESSAGE>                                                                                                                                                                                                                                             
<MSGNUMBER>IGYOS4078-W</MSGNUMBER>                                                                                                                                                                                                                    
<MSGLINE>1</MSGLINE>                                                                                                                                                                                                                                  
<MSGFILE>1</MSGFILE>                                                                                                                                                                                                                                  
<MSGTEXT>                                                                                                                                                                                                                                             
DSNH4791I DSNHPSRV  CCSID 1147 IS USED TO PROCESS SQL, BUT DSNHDECP HAS EBCDIC CCSID 297 IN EFFECT                                                                                                                                                    
</MSGTEXT>                                                                                                                                                                                                                                            
</MESSAGE>                                                                                                                                                                                                                                            
<MESSAGE>                                                                                                                                                                                                                                             
<MSGNUMBER>IGYOS4077-I</MSGNUMBER>                                                                                                                                                                                                                    
<MSGLINE>1</MSGLINE>                                                                                                                                                                                                                                  
<MSGFILE>1</MSGFILE>                                                                                                                                                                                                                                  
<MSGTEXT>                                                                                                                                                                                                                                             
DSNH4760I DSNHPSRV  THE DB2 SQL COPROCESSOR IS USING THE LEVEL 2 INTERFACE UNDER DB2 V12                                                                                                                                                              
</MSGTEXT>                                                                                                                                                                                                                                            
</MESSAGE>                                                                                                                                                                                                                                            
<MESSAGE>                                                                                                                                                                                                                                             
<MSGNUMBER>IGYDS0139-W</MSGNUMBER>                                                                                                                                                                                                                    
<MSGLINE>1</MSGLINE>                                                                                                                                                                                                                                  
<MSGFILE>1</MSGFILE>                                                                                                                                                                                                                                  
<MSGTEXT>                                                                                                                                                                                                                                             
Diagnostic messages were issued during processing of compiler options.  These messages are located at the beginning of the listing.                                                                                                                   
</MSGTEXT>                                                                                                                                                                                                                                            
</MESSAGE>                                                                                                                                                                                                                                            
<MESSAGE>                                                                                                                                                                                                                                             
<MSGNUMBER>IGYCB7312-I</MSGNUMBER>                                                                                                                                                                                                                    
<MSGLINE>1</MSGLINE>                                                                                                                                                                                                                                  
<MSGFILE>1</MSGFILE>                                                                                                                                                                                                                                  
<MSGTEXT>                                                                                                                                                                                                                                             
Procedure starting at &apos;TRT-FCT-L0101-SUI&apos; (line 1620) was copied one or more times to be inlined for PERFORM statements. 554 total bytes were generated from copying that procedure.                                                        
</MSGTEXT>                                                                                                                                                                                                                                            
</MESSAGE>                                                                                                                                                                                                                                            
<MESSAGE>                                                                                                                                                                                                                                             
<MSGNUMBER>IGYCB7312-I</MSGNUMBER>                                                                                                                                                                                                                    
<MSGLINE>1</MSGLINE>                                                                                                                                                                                                                                  
<MSGFILE>1</MSGFILE>                                                                                                                                                                                                                                  
<MSGTEXT>                                                                                                                                                                                                                                             
Procedure starting at &apos;TRT-LECT-FETCH-L0102&apos; (line 1849) was copied one or more times to be inlined for PERFORM statements. 5578 total bytes were generated from copying that procedure.                                                    
</MSGTEXT>                                                                                                                                                                                                                                            
</MESSAGE>                                                                                                                                                                                                                                            
<MESSAGE>                                                                                                                                                                                                                                             
<MSGNUMBER>IGYCB7312-I</MSGNUMBER>                                                                                                                                                                                                                    
<MSGLINE>1</MSGLINE>                                                                                                                                                                                                                                  
<MSGFILE>1</MSGFILE>                                                                                                                                                                                                                                  
<MSGTEXT>                                                                                                                                                                                                                                             
Procedure starting at &apos;TRT-LECT-FETCH-L0103&apos; (line 1995) was copied one or more times to be inlined for PERFORM statements. 5740 total bytes were generated from copying that procedure.                                                    
</MSGTEXT>                                                                                                                                                                                                                                            
</MESSAGE>                                                                                                                                                                                                                                            
<MESSAGE>                                                                                                                                                                                                                                             
<MSGNUMBER>IGYCB7312-I</MSGNUMBER>                                                                                                                                                                                                                    
<MSGLINE>1</MSGLINE>                                                                                                                                                                                                                                  
<MSGFILE>1</MSGFILE>                                                                                                                                                                                                                                  
<MSGTEXT>                                                                                                                                                                                                                                             
Procedure starting at &apos;TRT-LECT-FETCH-L0105&apos; (line 2157) was copied one or more times to be inlined for PERFORM statements. 5740 total bytes were generated from copying that procedure.                                                    
</MSGTEXT>                                                                                                                                                                                                                                            
</MESSAGE>                                                                                                                                                                                                                                            
<MESSAGE>                                                                                                                                                                                                                                             
<MSGNUMBER>IGYCB7312-I</MSGNUMBER>                                                                                                                                                                                                                    
<MSGLINE>1</MSGLINE>                                                                                                                                                                                                                                  
<MSGFILE>1</MSGFILE>                                                                                                                                                                                                                                  
<MSGTEXT>                                                                                                                                                                                                                                             
Procedure starting at &apos;TRT-LEC-FETCH&apos; (line 1727) was copied one or more times to be inlined for PERFORM statements. 120 total bytes were generated from copying that procedure.                                                            
</MSGTEXT>                                                                                                                                                                                                                                            
</MESSAGE>                                                                                                                                                                                                                                            
<MESSAGE>                                                                                                                                                                                                                                             
<MSGNUMBER>IGYCB7312-I</MSGNUMBER>                                                                                                                                                                                                                    
<MSGLINE>1</MSGLINE>                                                                                                                                                                                                                                  
<MSGFILE>1</MSGFILE>                                                                                                                                                                                                                                  
<MSGTEXT>                                                                                                                                                                                                                                             
Procedure starting at &apos;TRT-LEC-INI&apos; (line 1709) was copied one or more times to be inlined for PERFORM statements. 2188 total bytes were generated from copying that procedure.                                                             
</MSGTEXT>                                                                                                                                                                                                                                            
</MESSAGE>                                                                                                                                                                                                                                            
<MESSAGE>                                                                                                                                                                                                                                             
<MSGNUMBER>IGYPS0209-W</MSGNUMBER>                                                                                                                                                                                                                    
<MSGLINE>500</MSGLINE>                                                                                                                                                                                                                                
<MSGFILE>1</MSGFILE>                                                                                                                                                                                                                                  
<MSGTEXT>                                                                                                                                                                                                                                             
DSNH206I DSNHANAL LINE 1399 COL 7  STATEMENT REFERENCES COLUMN &quot;TEIVRGT&quot;&quot;EIVRGT_CLE_RPH&quot;, WHICH IS NOT DECLARED IN THE SPECIFIED TABLE(S)                                                                                         
</MSGTEXT>                                                                                                                                                                                                                                            
</MESSAGE>                                                                                                                                                                                                                                            
<MESSAGE>                                                                                                                                                                                                                                             
<MSGNUMBER>IGYPS0209-W</MSGNUMBER>                                                                                                                                                                                                                    
<MSGLINE>547</MSGLINE>                                                                                                                                                                                                                                
<MSGFILE>1</MSGFILE>                                                                                                                                                                                                                                  
<MSGTEXT>                                                                                                                                                                                                                                             
DSNH206I DSNHANAL LINE 1446 COL 7  STATEMENT REFERENCES COLUMN &quot;TEIVRGT&quot;&quot;EIVRGT_CLE_RPH&quot;, WHICH IS NOT DECLARED IN THE SPECIFIED TABLE(S)                                                                                         
</MSGTEXT>                                                                                                                                                                                                                                            
</MESSAGE>                                                                                                                                                                                                                                            
<MESSAGE>                                                                                                                                                                                                                                             
<MSGNUMBER>IGYPS0209-W</MSGNUMBER>                                                                                                                                                                                                                    
<MSGLINE>602</MSGLINE>                                                                                                                                                                                                                                
<MSGFILE>1</MSGFILE>                                                                                                                                                                                                                                  
<MSGTEXT>                                                                                                                                                                                                                                             
DSNH206I DSNHANAL LINE 1501 COL 7  STATEMENT REFERENCES COLUMN &quot;TEIVRGT&quot;&quot;EIVRGT_CLE_RPH&quot;, WHICH IS NOT DECLARED IN THE SPECIFIED TABLE(S)                                                                                         
</MSGTEXT>                                                                                                                                                                                                                                            
</MESSAGE>                                                                                                                                                                                                                                            
<MESSAGE>                                                                                                                                                                                                                                             
<MSGNUMBER>IGYPS0209-W</MSGNUMBER>                                                                                                                                                                                                                    
<MSGLINE>602</MSGLINE>                                                                                                                                                                                                                                
<MSGFILE>1</MSGFILE>                                                                                                                                                                                                                                  
<MSGTEXT>                                                                                                                                                                                                                                             
DSNH206I DSNHANAL LINE 1501 COL 7  STATEMENT REFERENCES COLUMN &quot;TEIVRGT&quot;&quot;EIVRGT_CLE_RPH&quot;, WHICH IS NOT DECLARED IN THE SPECIFIED TABLE(S)                                                                                         
</MSGTEXT>                                                                                                                                                                                                                                            
</MESSAGE>                                                                                                                                                                                                                                            
<MESSAGE>                                                                                                                                                                                                                                             
<MSGNUMBER>IGYPS0209-W</MSGNUMBER>                                                                                                                                                                                                                    
<MSGLINE>1026</MSGLINE>                                                                                                                                                                                                                               
<MSGFILE>1</MSGFILE>                                                                                                                                                                                                                                  
<MSGTEXT>                                                                                                                                                                                                                                             
DSNH206I DSNHANAL LINE 1925 COL 7  STATEMENT REFERENCES COLUMN &quot;TEIVRGT&quot;&quot;EIVRGT_CLE_RPH&quot;, WHICH IS NOT DECLARED IN THE SPECIFIED TABLE(S)                                                                                         
</MSGTEXT>                                                                                                                                                                                                                                            
</MESSAGE>                                                                                                                                                                                                                                            
<MESSAGE>                                                                                                                                                                                                                                             
<MSGNUMBER>IGYPS0209-W</MSGNUMBER>                                                                                                                                                                                                                    
<MSGLINE>1051</MSGLINE>                                                                                                                                                                                                                               
<MSGFILE>1</MSGFILE>                                                                                                                                                                                                                                  
<MSGTEXT>                                                                                                                                                                                                                                             
DSNH206I DSNHANAL LINE 1950 COL 7  STATEMENT REFERENCES COLUMN &quot;TEIVRGT&quot;&quot;EIVRGT_CLE_RPH&quot;, WHICH IS NOT DECLARED IN THE SPECIFIED TABLE(S)                                                                                         
</MSGTEXT>                                                                                                                                                                                                                                            
</MESSAGE>                                                                                                                                                                                                                                            
<MESSAGE>                                                                                                                                                                                                                                             
<MSGNUMBER>IGYPS0209-W</MSGNUMBER>                                                                                                                                                                                                                    
<MSGLINE>1177</MSGLINE>                                                                                                                                                                                                                               
<MSGFILE>1</MSGFILE>                                                                                                                                                                                                                                  
<MSGTEXT>                                                                                                                                                                                                                                             
DSNH206I DSNHANAL LINE 2076 COL 7  STATEMENT REFERENCES COLUMN &quot;TEIVRGT&quot;&quot;EIVRGT_CLE_RPH&quot;, WHICH IS NOT DECLARED IN THE SPECIFIED TABLE(S)                                                                                         
</MSGTEXT>                                                                                                                                                                                                                                            
</MESSAGE>                                                                                                                                                                                                                                            
<MESSAGE>                                                                                                                                                                                                                                             
<MSGNUMBER>IGYPS0209-W</MSGNUMBER>                                                                                                                                                                                                                    
<MSGLINE>1206</MSGLINE>                                                                                                                                                                                                                               
<MSGFILE>1</MSGFILE>                                                                                                                                                                                                                                  
<MSGTEXT>                                                                                                                                                                                                                                             
DSNH206I DSNHANAL LINE 2105 COL 7  STATEMENT REFERENCES COLUMN &quot;TEIVRGT&quot;&quot;EIVRGT_CLE_RPH&quot;, WHICH IS NOT DECLARED IN THE SPECIFIED TABLE(S)                                                                                         
</MSGTEXT>                                                                                                                                                                                                                                            
</MESSAGE>                                                                                                                                                                                                                                            
<MESSAGE>                                                                                                                                                                                                                                             
<MSGNUMBER>IGYPS0209-W</MSGNUMBER>                                                                                                                                                                                                                    
<MSGLINE>1455</MSGLINE>                                                                                                                                                                                                                               
<MSGFILE>1</MSGFILE>                                                                                                                                                                                                                                  
<MSGTEXT>                                                                                                                                                                                                                                             
DSNH206I DSNHANAL LINE 2354 COL 7  STATEMENT REFERENCES COLUMN &quot;TEIVRGT&quot;&quot;EIVRGT_CLE_RPH&quot;, WHICH IS NOT DECLARED IN THE SPECIFIED TABLE(S)                                                                                         
</MSGTEXT>                                                                                                                                                                                                                                            
</MESSAGE>                                                                                                                                                                                                                                            
<MESSAGE>                                                                                                                                                                                                                                             
<MSGNUMBER>IGYPA3228-W</MSGNUMBER>                                                                                                                                                                                                                    
<MSGLINE>1581</MSGLINE>                                                                                                                                                                                                                               
<MSGFILE>1</MSGFILE>                                                                                                                                                                                                                                  
<MSGTEXT>                                                                                                                                                                                                                                             
High order digit positions in the sender may be truncated in the move to receiver &quot;W-SQLCOD (NUMERIC-EDITED)&quot;.                                                                                                                              
</MSGTEXT>                                                                                                                                                                                                                                            
</MESSAGE>                                                                                                                                                                                                                                            
</PACKAGE>                                                                                                                                                                                                                                            