<PACKAGE>                                                                                                                                                                                                                                             
<FILEREFERENCETABLE>                                                                                                                                                                                                                                  
<FILECOUNT>8</FILECOUNT>                                                                                                                                                                                                                              
<FILE>                                                                                                                                                                                                                                                
<FILENUMBER>1</FILENUMBER>                                                                                                                                                                                                                            
<FILENAME>SYS25217.T111530.RA000.NNPRGZ7C.R0115409</FILENAME>                                                                                                                                                                                         
</FILE>                                                                                                                                                                                                                                               
<FILE>                                                                                                                                                                                                                                                
<FILENUMBER>2</FILENUMBER>                                                                                                                                                                                                                            
<FILENAME>SYS25217.T111530.RA000.NNPRGZ7C.R0115412(YDB2DSP)</FILENAME>                                                                                                                                                                                
</FILE>                                                                                                                                                                                                                                               
<FILE>                                                                                                                                                                                                                                                
<FILENUMBER>3</FILENUMBER>                                                                                                                                                                                                                            
<FILENAME>SYS25217.T111530.RA000.NNPRGZ7C.R0115412(YDB2RET)</FILENAME>                                                                                                                                                                                
</FILE>                                                                                                                                                                                                                                               
<FILE>                                                                                                                                                                                                                                                
<FILENUMBER>4</FILENUMBER>                                                                                                                                                                                                                            
<FILENAME>PD.VSEXPL.CPMLIB(TEIVEVT)</FILENAME>                                                                                                                                                                                                        
</FILE>                                                                                                                                                                                                                                               
<FILE>                                                                                                                                                                                                                                                
<FILENUMBER>5</FILENUMBER>                                                                                                                                                                                                                            
<FILENAME>PD.VSEXPL.CPMLIB(YEIVFAL)</FILENAME>                                                                                                                                                                                                        
</FILE>                                                                                                                                                                                                                                               
<FILE>                                                                                                                                                                                                                                                
<FILENUMBER>6</FILENUMBER>                                                                                                                                                                                                                            
<FILENAME>PD.VSEXPL.CPMLIB(YEIVFRE)</FILENAME>                                                                                                                                                                                                        
</FILE>                                                                                                                                                                                                                                               
<FILE>                                                                                                                                                                                                                                                
<FILENUMBER>7</FILENUMBER>                                                                                                                                                                                                                            
<FILENAME>PD.VSEXPL.CPMLIB(YEIVM68)</FILENAME>                                                                                                                                                                                                        
</FILE>                                                                                                                                                                                                                                               
<FILE>                                                                                                                                                                                                                                                
<FILENUMBER>8</FILENUMBER>                                                                                                                                                                                                                            
<FILENAME>PD.VSEXPL.CPMLIB(YEIVEVT)</FILENAME>                                                                                                                                                                                                        
</FILE>                                                                                                                                                                                                                                               
</FILEREFERENCETABLE>                                                                                                                                                                                                                                 
<MESSAGE>                                                                                                                                                                                                                                             
<MSGNUMBER>IGYOS4077-I</MSGNUMBER>                                                                                                                                                                                                                    
<MSGLINE>1</MSGLINE>                                                                                                                                                                                                                                  
<MSGFILE>1</MSGFILE>                                                                                                                                                                                                                                  
<MSGTEXT>                                                                                                                                                                                                                                             
DSNH4790I DSNHPSRV  DSNHDECP HAS CCSID 297 IN EFFECT                                                                                                                                                                                                  
</MSGTEXT>                                                                                                                                                                                                                                            
</MESSAGE>                                                                                                                                                                                                                                            
<MESSAGE>                                                                                                                                                                                                                                             
<MSGNUMBER>IGYOS4078-W</MSGNUMBER>                                                                                                                                                                                                                    
<MSGLINE>1</MSGLINE>                                                                                                                                                                                                                                  
<MSGFILE>1</MSGFILE>                                                                                                                                                                                                                                  
<MSGTEXT>                                                                                                                                                                                                                                             
DSNH4791I DSNHPSRV  CCSID 1147 IS USED TO PROCESS SQL, BUT DSNHDECP HAS EBCDIC CCSID 297 IN EFFECT                                                                                                                                                    
</MSGTEXT>                                                                                                                                                                                                                                            
</MESSAGE>                                                                                                                                                                                                                                            
<MESSAGE>                                                                                                                                                                                                                                             
<MSGNUMBER>IGYOS4077-I</MSGNUMBER>                                                                                                                                                                                                                    
<MSGLINE>1</MSGLINE>                                                                                                                                                                                                                                  
<MSGFILE>1</MSGFILE>                                                                                                                                                                                                                                  
<MSGTEXT>                                                                                                                                                                                                                                             
DSNH4760I DSNHPSRV  THE DB2 SQL COPROCESSOR IS USING THE LEVEL 2 INTERFACE UNDER DB2 V12                                                                                                                                                              
</MSGTEXT>                                                                                                                                                                                                                                            
</MESSAGE>                                                                                                                                                                                                                                            
<MESSAGE>                                                                                                                                                                                                                                             
<MSGNUMBER>IGYDS0139-W</MSGNUMBER>                                                                                                                                                                                                                    
<MSGLINE>1</MSGLINE>                                                                                                                                                                                                                                  
<MSGFILE>1</MSGFILE>                                                                                                                                                                                                                                  
<MSGTEXT>                                                                                                                                                                                                                                             
Diagnostic messages were issued during processing of compiler options.  These messages are located at the beginning of the listing.                                                                                                                   
</MSGTEXT>                                                                                                                                                                                                                                            
</MESSAGE>                                                                                                                                                                                                                                            
<MESSAGE>                                                                                                                                                                                                                                             
<MSGNUMBER>IGYCB7312-I</MSGNUMBER>                                                                                                                                                                                                                    
<MSGLINE>1</MSGLINE>                                                                                                                                                                                                                                  
<MSGFILE>1</MSGFILE>                                                                                                                                                                                                                                  
<MSGTEXT>                                                                                                                                                                                                                                             
Procedure starting at &apos;TRT-FCT-LP101-SUI&apos; (line 1403) was copied one or more times to be inlined for PERFORM statements. 314 total bytes were generated from copying that procedure.                                                        
</MSGTEXT>                                                                                                                                                                                                                                            
</MESSAGE>                                                                                                                                                                                                                                            
<MESSAGE>                                                                                                                                                                                                                                             
<MSGNUMBER>IGYCB7312-I</MSGNUMBER>                                                                                                                                                                                                                    
<MSGLINE>1</MSGLINE>                                                                                                                                                                                                                                  
<MSGFILE>1</MSGFILE>                                                                                                                                                                                                                                  
<MSGTEXT>                                                                                                                                                                                                                                             
Procedure starting at &apos;TRT-FCT-LP102-SUI&apos; (line 1494) was copied one or more times to be inlined for PERFORM statements. 308 total bytes were generated from copying that procedure.                                                        
</MSGTEXT>                                                                                                                                                                                                                                            
</MESSAGE>                                                                                                                                                                                                                                            
<MESSAGE>                                                                                                                                                                                                                                             
<MSGNUMBER>IGYCB7312-I</MSGNUMBER>                                                                                                                                                                                                                    
<MSGLINE>1</MSGLINE>                                                                                                                                                                                                                                  
<MSGFILE>1</MSGFILE>                                                                                                                                                                                                                                  
<MSGTEXT>                                                                                                                                                                                                                                             
Procedure starting at &apos;TRT-FCT-LP103-SUI&apos; (line 1578) was copied one or more times to be inlined for PERFORM statements. 222 total bytes were generated from copying that procedure.                                                        
</MSGTEXT>                                                                                                                                                                                                                                            
</MESSAGE>                                                                                                                                                                                                                                            
<MESSAGE>                                                                                                                                                                                                                                             
<MSGNUMBER>IGYPS0209-W</MSGNUMBER>                                                                                                                                                                                                                    
<MSGLINE>430</MSGLINE>                                                                                                                                                                                                                                
<MSGFILE>1</MSGFILE>                                                                                                                                                                                                                                  
<MSGTEXT>                                                                                                                                                                                                                                             
DSNH206I DSNHANAL LINE 1248 COL 7  STATEMENT REFERENCES COLUMN &quot;TEIVEVT&quot;&quot;EIVEVT_IDT_DOC&quot;, WHICH IS NOT DECLARED IN THE SPECIFIED TABLE(S)                                                                                         
</MSGTEXT>                                                                                                                                                                                                                                            
</MESSAGE>                                                                                                                                                                                                                                            
<MESSAGE>                                                                                                                                                                                                                                             
<MSGNUMBER>IGYPS0209-W</MSGNUMBER>                                                                                                                                                                                                                    
<MSGLINE>469</MSGLINE>                                                                                                                                                                                                                                
<MSGFILE>1</MSGFILE>                                                                                                                                                                                                                                  
<MSGTEXT>                                                                                                                                                                                                                                             
DSNH206I DSNHANAL LINE 1287 COL 7  STATEMENT REFERENCES COLUMN &quot;TEIVEVT&quot;&quot;EIVEVT_IDT_DOC&quot;, WHICH IS NOT DECLARED IN THE SPECIFIED TABLE(S)                                                                                         
</MSGTEXT>                                                                                                                                                                                                                                            
</MESSAGE>                                                                                                                                                                                                                                            
<MESSAGE>                                                                                                                                                                                                                                             
<MSGNUMBER>IGYPS0209-W</MSGNUMBER>                                                                                                                                                                                                                    
<MSGLINE>469</MSGLINE>                                                                                                                                                                                                                                
<MSGFILE>1</MSGFILE>                                                                                                                                                                                                                                  
<MSGTEXT>                                                                                                                                                                                                                                             
DSNH030I DSNHANAL LINE 1287 COL 7  STATEMENT CONTAINS WRONG NUMBER OF &quot;INTO&quot; VARIABLES                                                                                                                                                      
</MSGTEXT>                                                                                                                                                                                                                                            
</MESSAGE>                                                                                                                                                                                                                                            
<MESSAGE>                                                                                                                                                                                                                                             
<MSGNUMBER>IGYPS0209-W</MSGNUMBER>                                                                                                                                                                                                                    
<MSGLINE>517</MSGLINE>                                                                                                                                                                                                                                
<MSGFILE>1</MSGFILE>                                                                                                                                                                                                                                  
<MSGTEXT>                                                                                                                                                                                                                                             
DSNH206I DSNHANAL LINE 1335 COL 7  STATEMENT REFERENCES COLUMN &quot;TEIVEVT&quot;&quot;EIVEVT_IDT_DOC&quot;, WHICH IS NOT DECLARED IN THE SPECIFIED TABLE(S)                                                                                         
</MSGTEXT>                                                                                                                                                                                                                                            
</MESSAGE>                                                                                                                                                                                                                                            
<MESSAGE>                                                                                                                                                                                                                                             
<MSGNUMBER>IGYPS0209-W</MSGNUMBER>                                                                                                                                                                                                                    
<MSGLINE>610</MSGLINE>                                                                                                                                                                                                                                
<MSGFILE>1</MSGFILE>                                                                                                                                                                                                                                  
<MSGTEXT>                                                                                                                                                                                                                                             
DSNH206I DSNHANAL LINE 1428 COL 7  STATEMENT REFERENCES COLUMN &quot;TEIVEVT&quot;&quot;EIVEVT_IDT_DOC&quot;, WHICH IS NOT DECLARED IN THE SPECIFIED TABLE(S)                                                                                         
</MSGTEXT>                                                                                                                                                                                                                                            
</MESSAGE>                                                                                                                                                                                                                                            
<MESSAGE>                                                                                                                                                                                                                                             
<MSGNUMBER>IGYPS0209-W</MSGNUMBER>                                                                                                                                                                                                                    
<MSGLINE>814</MSGLINE>                                                                                                                                                                                                                                
<MSGFILE>1</MSGFILE>                                                                                                                                                                                                                                  
<MSGTEXT>                                                                                                                                                                                                                                             
DSNH206I DSNHANAL LINE 1632 COL 7  STATEMENT REFERENCES COLUMN &quot;TEIVEVT&quot;&quot;EIVEVT_IDT_DOC&quot;, WHICH IS NOT DECLARED IN THE SPECIFIED TABLE(S)                                                                                         
</MSGTEXT>                                                                                                                                                                                                                                            
</MESSAGE>                                                                                                                                                                                                                                            
<MESSAGE>                                                                                                                                                                                                                                             
<MSGNUMBER>IGYPS0209-W</MSGNUMBER>                                                                                                                                                                                                                    
<MSGLINE>851</MSGLINE>                                                                                                                                                                                                                                
<MSGFILE>1</MSGFILE>                                                                                                                                                                                                                                  
<MSGTEXT>                                                                                                                                                                                                                                             
DSNH206I DSNHANAL LINE 1669 COL 7  STATEMENT REFERENCES COLUMN &quot;TEIVEVT&quot;&quot;EIVEVT_IDT_DOC&quot;, WHICH IS NOT DECLARED IN THE SPECIFIED TABLE(S)                                                                                         
</MSGTEXT>                                                                                                                                                                                                                                            
</MESSAGE>                                                                                                                                                                                                                                            
<MESSAGE>                                                                                                                                                                                                                                             
<MSGNUMBER>IGYPA3228-W</MSGNUMBER>                                                                                                                                                                                                                    
<MSGLINE>950</MSGLINE>                                                                                                                                                                                                                                
<MSGFILE>1</MSGFILE>                                                                                                                                                                                                                                  
<MSGTEXT>                                                                                                                                                                                                                                             
High order digit positions in the sender may be truncated in the move to receiver &quot;W-SQLCOD (NUMERIC-EDITED)&quot;.                                                                                                                              
</MSGTEXT>                                                                                                                                                                                                                                            
</MESSAGE>                                                                                                                                                                                                                                            
<MESSAGE>                                                                                                                                                                                                                                             
<MSGNUMBER>IGYPA3228-W</MSGNUMBER>                                                                                                                                                                                                                    
<MSGLINE>971</MSGLINE>                                                                                                                                                                                                                                
<MSGFILE>1</MSGFILE>                                                                                                                                                                                                                                  
<MSGTEXT>                                                                                                                                                                                                                                             
High order digit positions in the sender may be truncated in the move to receiver &quot;W-SQLCOD (NUMERIC-EDITED)&quot;.                                                                                                                              
</MSGTEXT>                                                                                                                                                                                                                                            
</MESSAGE>                                                                                                                                                                                                                                            
</PACKAGE>                                                                                                                                                                                                                                            