<PACKAGE>                                                                                                                                                                                                                                             
<FILEREFERENCETABLE>                                                                                                                                                                                                                                  
<FILECOUNT>21</FILECOUNT>                                                                                                                                                                                                                             
<FILE>                                                                                                                                                                                                                                                
<FILENUMBER>1</FILENUMBER>                                                                                                                                                                                                                            
<FILENAME>SYS25143.T084740.RA000.NNPRGZ7C.R0169935</FILENAME>                                                                                                                                                                                         
</FILE>                                                                                                                                                                                                                                               
<FILE>                                                                                                                                                                                                                                                
<FILENUMBER>2</FILENUMBER>                                                                                                                                                                                                                            
<FILENAME>PD.VSEXPL.CPMLIB(YEIVFCT)</FILENAME>                                                                                                                                                                                                        
</FILE>                                                                                                                                                                                                                                               
<FILE>                                                                                                                                                                                                                                                
<FILENUMBER>3</FILENUMBER>                                                                                                                                                                                                                            
<FILENAME>PD.VSEXPL.CPMLIB(YEIVVAL)</FILENAME>                                                                                                                                                                                                        
</FILE>                                                                                                                                                                                                                                               
<FILE>                                                                                                                                                                                                                                                
<FILENUMBER>4</FILENUMBER>                                                                                                                                                                                                                            
<FILENAME>PD.VSEXPL.CPMLIB(YEIVELE)</FILENAME>                                                                                                                                                                                                        
</FILE>                                                                                                                                                                                                                                               
<FILE>                                                                                                                                                                                                                                                
<FILENUMBER>5</FILENUMBER>                                                                                                                                                                                                                            
<FILENAME>PD.VSEXPL.CPMLIB(YEIVSLE)</FILENAME>                                                                                                                                                                                                        
</FILE>                                                                                                                                                                                                                                               
<FILE>                                                                                                                                                                                                                                                
<FILENUMBER>6</FILENUMBER>                                                                                                                                                                                                                            
<FILENAME>PD.VSEXPL.CPMLIB(YEIVEL7)</FILENAME>                                                                                                                                                                                                        
</FILE>                                                                                                                                                                                                                                               
<FILE>                                                                                                                                                                                                                                                
<FILENUMBER>7</FILENUMBER>                                                                                                                                                                                                                            
<FILENAME>PD.VSEXPL.CPMLIB(YEIVSL7)</FILENAME>                                                                                                                                                                                                        
</FILE>                                                                                                                                                                                                                                               
<FILE>                                                                                                                                                                                                                                                
<FILENUMBER>8</FILENUMBER>                                                                                                                                                                                                                            
<FILENAME>PD.VSEXPL.CPMLIB(YEIVELD)</FILENAME>                                                                                                                                                                                                        
</FILE>                                                                                                                                                                                                                                               
<FILE>                                                                                                                                                                                                                                                
<FILENUMBER>9</FILENUMBER>                                                                                                                                                                                                                            
<FILENAME>PD.VSEXPL.CPMLIB(YEIVSLD)</FILENAME>                                                                                                                                                                                                        
</FILE>                                                                                                                                                                                                                                               
<FILE>                                                                                                                                                                                                                                                
<FILENUMBER>10</FILENUMBER>                                                                                                                                                                                                                           
<FILENAME>PD.VSEXPL.CPMLIB(YEIVEME)</FILENAME>                                                                                                                                                                                                        
</FILE>                                                                                                                                                                                                                                               
<FILE>                                                                                                                                                                                                                                                
<FILENUMBER>11</FILENUMBER>                                                                                                                                                                                                                           
<FILENAME>PD.VSEXPL.CPMLIB(YEIVSME)</FILENAME>                                                                                                                                                                                                        
</FILE>                                                                                                                                                                                                                                               
<FILE>                                                                                                                                                                                                                                                
<FILENUMBER>12</FILENUMBER>                                                                                                                                                                                                                           
<FILENAME>PD.VSEXPL.CPMLIB(YEIVME7)</FILENAME>                                                                                                                                                                                                        
</FILE>                                                                                                                                                                                                                                               
<FILE>                                                                                                                                                                                                                                                
<FILENUMBER>13</FILENUMBER>                                                                                                                                                                                                                           
<FILENAME>PD.VSEXPL.CPMLIB(YEIVMS7)</FILENAME>                                                                                                                                                                                                        
</FILE>                                                                                                                                                                                                                                               
<FILE>                                                                                                                                                                                                                                                
<FILENUMBER>14</FILENUMBER>                                                                                                                                                                                                                           
<FILENAME>PD.VSEXPL.CPMLIB(YEIVMED)</FILENAME>                                                                                                                                                                                                        
</FILE>                                                                                                                                                                                                                                               
<FILE>                                                                                                                                                                                                                                                
<FILENUMBER>15</FILENUMBER>                                                                                                                                                                                                                           
<FILENAME>PD.VSEXPL.CPMLIB(YEIVMSD)</FILENAME>                                                                                                                                                                                                        
</FILE>                                                                                                                                                                                                                                               
<FILE>                                                                                                                                                                                                                                                
<FILENUMBER>16</FILENUMBER>                                                                                                                                                                                                                           
<FILENAME>PD.VSEXPL.CPMLIB(YEIVAEM)</FILENAME>                                                                                                                                                                                                        
</FILE>                                                                                                                                                                                                                                               
<FILE>                                                                                                                                                                                                                                                
<FILENUMBER>17</FILENUMBER>                                                                                                                                                                                                                           
<FILENAME>PD.VSEXPL.CPMLIB(YEIVASM)</FILENAME>                                                                                                                                                                                                        
</FILE>                                                                                                                                                                                                                                               
<FILE>                                                                                                                                                                                                                                                
<FILENUMBER>18</FILENUMBER>                                                                                                                                                                                                                           
<FILENAME>PD.VSEXPL.CPMLIB(YEIVFAL)</FILENAME>                                                                                                                                                                                                        
</FILE>                                                                                                                                                                                                                                               
<FILE>                                                                                                                                                                                                                                                
<FILENUMBER>19</FILENUMBER>                                                                                                                                                                                                                           
<FILENAME>PD.VSEXPL.CPMLIB(YEIVFRE)</FILENAME>                                                                                                                                                                                                        
</FILE>                                                                                                                                                                                                                                               
<FILE>                                                                                                                                                                                                                                                
<FILENUMBER>20</FILENUMBER>                                                                                                                                                                                                                           
<FILENAME>PD.VSEXPL.CPMLIB(YEIVMEE)</FILENAME>                                                                                                                                                                                                        
</FILE>                                                                                                                                                                                                                                               
<FILE>                                                                                                                                                                                                                                                
<FILENUMBER>21</FILENUMBER>                                                                                                                                                                                                                           
<FILENAME>PD.VSEXPL.CPMLIB(YEIVMSE)</FILENAME>                                                                                                                                                                                                        
</FILE>                                                                                                                                                                                                                                               
</FILEREFERENCETABLE>                                                                                                                                                                                                                                 
<MESSAGE>                                                                                                                                                                                                                                             
<MSGNUMBER>IGYDS1073-I</MSGNUMBER>                                                                                                                                                                                                                    
<MSGLINE>239</MSGLINE>                                                                                                                                                                                                                                
<MSGFILE>6</MSGFILE>                                                                                                                                                                                                                                  
<MSGTEXT>                                                                                                                                                                                                                                             
&quot;EIVEL7-L0016&quot; redefined a larger item.                                                                                                                                                                                                     
</MSGTEXT>                                                                                                                                                                                                                                            
</MESSAGE>                                                                                                                                                                                                                                            
<MESSAGE>                                                                                                                                                                                                                                             
<MSGNUMBER>IGYDS1073-I</MSGNUMBER>                                                                                                                                                                                                                    
<MSGLINE>48</MSGLINE>                                                                                                                                                                                                                                 
<MSGFILE>9</MSGFILE>                                                                                                                                                                                                                                  
<MSGTEXT>                                                                                                                                                                                                                                             
&quot;EIVSLD-L0001&quot; redefined a larger item.                                                                                                                                                                                                     
</MSGTEXT>                                                                                                                                                                                                                                            
</MESSAGE>                                                                                                                                                                                                                                            
<MESSAGE>                                                                                                                                                                                                                                             
<MSGNUMBER>IGYDS1073-I</MSGNUMBER>                                                                                                                                                                                                                    
<MSGLINE>90</MSGLINE>                                                                                                                                                                                                                                 
<MSGFILE>9</MSGFILE>                                                                                                                                                                                                                                  
<MSGTEXT>                                                                                                                                                                                                                                             
&quot;EIVSLD-L0005&quot; redefined a larger item.                                                                                                                                                                                                     
</MSGTEXT>                                                                                                                                                                                                                                            
</MESSAGE>                                                                                                                                                                                                                                            
<MESSAGE>                                                                                                                                                                                                                                             
<MSGNUMBER>IGYDS1073-I</MSGNUMBER>                                                                                                                                                                                                                    
<MSGLINE>97</MSGLINE>                                                                                                                                                                                                                                 
<MSGFILE>15</MSGFILE>                                                                                                                                                                                                                                 
<MSGTEXT>                                                                                                                                                                                                                                             
&quot;EIVMSD-BAP-FAE31&quot; redefined a larger item.                                                                                                                                                                                                 
</MSGTEXT>                                                                                                                                                                                                                                            
</MESSAGE>                                                                                                                                                                                                                                            
<MESSAGE>                                                                                                                                                                                                                                             
<MSGNUMBER>IGYCB7310-W</MSGNUMBER>                                                                                                                                                                                                                    
<MSGLINE>278</MSGLINE>                                                                                                                                                                                                                                
<MSGFILE>1</MSGFILE>                                                                                                                                                                                                                                  
<MSGTEXT>                                                                                                                                                                                                                                             
The &quot;PERFORM&quot; statement at &quot;PERFORM (line 14875.1)&quot; cannot reach its exit.                                                                                                                                                        
</MSGTEXT>                                                                                                                                                                                                                                            
</MESSAGE>                                                                                                                                                                                                                                            
<MESSAGE>                                                                                                                                                                                                                                             
<MSGNUMBER>IGYCB7310-W</MSGNUMBER>                                                                                                                                                                                                                    
<MSGLINE>314</MSGLINE>                                                                                                                                                                                                                                
<MSGFILE>1</MSGFILE>                                                                                                                                                                                                                                  
<MSGTEXT>                                                                                                                                                                                                                                             
The &quot;PERFORM&quot; statement at &quot;PERFORM (line 14911.1)&quot; cannot reach its exit.                                                                                                                                                        
</MSGTEXT>                                                                                                                                                                                                                                            
</MESSAGE>                                                                                                                                                                                                                                            
<MESSAGE>                                                                                                                                                                                                                                             
<MSGNUMBER>IGYCB7310-W</MSGNUMBER>                                                                                                                                                                                                                    
<MSGLINE>341</MSGLINE>                                                                                                                                                                                                                                
<MSGFILE>1</MSGFILE>                                                                                                                                                                                                                                  
<MSGTEXT>                                                                                                                                                                                                                                             
The &quot;PERFORM&quot; statement at &quot;PERFORM (line 14938.1)&quot; cannot reach its exit.                                                                                                                                                        
</MSGTEXT>                                                                                                                                                                                                                                            
</MESSAGE>                                                                                                                                                                                                                                            
<MESSAGE>                                                                                                                                                                                                                                             
<MSGNUMBER>IGYCB7310-W</MSGNUMBER>                                                                                                                                                                                                                    
<MSGLINE>347</MSGLINE>                                                                                                                                                                                                                                
<MSGFILE>1</MSGFILE>                                                                                                                                                                                                                                  
<MSGTEXT>                                                                                                                                                                                                                                             
The &quot;PERFORM&quot; statement at &quot;PERFORM (line 14944.1)&quot; cannot reach its exit.                                                                                                                                                        
</MSGTEXT>                                                                                                                                                                                                                                            
</MESSAGE>                                                                                                                                                                                                                                            
<MESSAGE>                                                                                                                                                                                                                                             
<MSGNUMBER>IGYCB7310-W</MSGNUMBER>                                                                                                                                                                                                                    
<MSGLINE>376</MSGLINE>                                                                                                                                                                                                                                
<MSGFILE>1</MSGFILE>                                                                                                                                                                                                                                  
<MSGTEXT>                                                                                                                                                                                                                                             
The &quot;PERFORM&quot; statement at &quot;PERFORM (line 14973.1)&quot; cannot reach its exit.                                                                                                                                                        
</MSGTEXT>                                                                                                                                                                                                                                            
</MESSAGE>                                                                                                                                                                                                                                            
<MESSAGE>                                                                                                                                                                                                                                             
<MSGNUMBER>IGYCB7310-W</MSGNUMBER>                                                                                                                                                                                                                    
<MSGLINE>455</MSGLINE>                                                                                                                                                                                                                                
<MSGFILE>1</MSGFILE>                                                                                                                                                                                                                                  
<MSGTEXT>                                                                                                                                                                                                                                             
The &quot;PERFORM&quot; statement at &quot;PERFORM (line 15052.1)&quot; cannot reach its exit.                                                                                                                                                        
</MSGTEXT>                                                                                                                                                                                                                                            
</MESSAGE>                                                                                                                                                                                                                                            
<MESSAGE>                                                                                                                                                                                                                                             
<MSGNUMBER>IGYCB7310-W</MSGNUMBER>                                                                                                                                                                                                                    
<MSGLINE>482</MSGLINE>                                                                                                                                                                                                                                
<MSGFILE>1</MSGFILE>                                                                                                                                                                                                                                  
<MSGTEXT>                                                                                                                                                                                                                                             
The &quot;PERFORM&quot; statement at &quot;PERFORM (line 15079.1)&quot; cannot reach its exit.                                                                                                                                                        
</MSGTEXT>                                                                                                                                                                                                                                            
</MESSAGE>                                                                                                                                                                                                                                            
<MESSAGE>                                                                                                                                                                                                                                             
<MSGNUMBER>IGYCB7310-W</MSGNUMBER>                                                                                                                                                                                                                    
<MSGLINE>510</MSGLINE>                                                                                                                                                                                                                                
<MSGFILE>1</MSGFILE>                                                                                                                                                                                                                                  
<MSGTEXT>                                                                                                                                                                                                                                             
The &quot;PERFORM&quot; statement at &quot;PERFORM (line 15107.1)&quot; cannot reach its exit.                                                                                                                                                        
</MSGTEXT>                                                                                                                                                                                                                                            
</MESSAGE>                                                                                                                                                                                                                                            
<MESSAGE>                                                                                                                                                                                                                                             
<MSGNUMBER>IGYCB7310-W</MSGNUMBER>                                                                                                                                                                                                                    
<MSGLINE>615</MSGLINE>                                                                                                                                                                                                                                
<MSGFILE>1</MSGFILE>                                                                                                                                                                                                                                  
<MSGTEXT>                                                                                                                                                                                                                                             
The &quot;PERFORM&quot; statement at &quot;PERFORM (line 15212.1)&quot; cannot reach its exit.                                                                                                                                                        
</MSGTEXT>                                                                                                                                                                                                                                            
</MESSAGE>                                                                                                                                                                                                                                            
<MESSAGE>                                                                                                                                                                                                                                             
<MSGNUMBER>IGYCB7310-W</MSGNUMBER>                                                                                                                                                                                                                    
<MSGLINE>649</MSGLINE>                                                                                                                                                                                                                                
<MSGFILE>1</MSGFILE>                                                                                                                                                                                                                                  
<MSGTEXT>                                                                                                                                                                                                                                             
The &quot;PERFORM&quot; statement at &quot;PERFORM (line 15246.1)&quot; cannot reach its exit.                                                                                                                                                        
</MSGTEXT>                                                                                                                                                                                                                                            
</MESSAGE>                                                                                                                                                                                                                                            
<MESSAGE>                                                                                                                                                                                                                                             
<MSGNUMBER>IGYCB7310-W</MSGNUMBER>                                                                                                                                                                                                                    
<MSGLINE>685</MSGLINE>                                                                                                                                                                                                                                
<MSGFILE>1</MSGFILE>                                                                                                                                                                                                                                  
<MSGTEXT>                                                                                                                                                                                                                                             
The &quot;PERFORM&quot; statement at &quot;PERFORM (line 15282.1)&quot; cannot reach its exit.                                                                                                                                                        
</MSGTEXT>                                                                                                                                                                                                                                            
</MESSAGE>                                                                                                                                                                                                                                            
<MESSAGE>                                                                                                                                                                                                                                             
<MSGNUMBER>IGYCB7310-W</MSGNUMBER>                                                                                                                                                                                                                    
<MSGLINE>785</MSGLINE>                                                                                                                                                                                                                                
<MSGFILE>1</MSGFILE>                                                                                                                                                                                                                                  
<MSGTEXT>                                                                                                                                                                                                                                             
The &quot;PERFORM&quot; statement at &quot;PERFORM (line 15382.1)&quot; cannot reach its exit.                                                                                                                                                        
</MSGTEXT>                                                                                                                                                                                                                                            
</MESSAGE>                                                                                                                                                                                                                                            
<MESSAGE>                                                                                                                                                                                                                                             
<MSGNUMBER>IGYCB7310-W</MSGNUMBER>                                                                                                                                                                                                                    
<MSGLINE>808</MSGLINE>                                                                                                                                                                                                                                
<MSGFILE>1</MSGFILE>                                                                                                                                                                                                                                  
<MSGTEXT>                                                                                                                                                                                                                                             
The &quot;PERFORM&quot; statement at &quot;PERFORM (line 15405.1)&quot; cannot reach its exit.                                                                                                                                                        
</MSGTEXT>                                                                                                                                                                                                                                            
</MESSAGE>                                                                                                                                                                                                                                            
<MESSAGE>                                                                                                                                                                                                                                             
<MSGNUMBER>IGYCB7310-W</MSGNUMBER>                                                                                                                                                                                                                    
<MSGLINE>827</MSGLINE>                                                                                                                                                                                                                                
<MSGFILE>1</MSGFILE>                                                                                                                                                                                                                                  
<MSGTEXT>                                                                                                                                                                                                                                             
The &quot;PERFORM&quot; statement at &quot;PERFORM (line 15424.1)&quot; cannot reach its exit.                                                                                                                                                        
</MSGTEXT>                                                                                                                                                                                                                                            
</MESSAGE>                                                                                                                                                                                                                                            
<MESSAGE>                                                                                                                                                                                                                                             
<MSGNUMBER>IGYCB7310-W</MSGNUMBER>                                                                                                                                                                                                                    
<MSGLINE>851</MSGLINE>                                                                                                                                                                                                                                
<MSGFILE>1</MSGFILE>                                                                                                                                                                                                                                  
<MSGTEXT>                                                                                                                                                                                                                                             
The &quot;PERFORM&quot; statement at &quot;PERFORM (line 15448.1)&quot; cannot reach its exit.                                                                                                                                                        
</MSGTEXT>                                                                                                                                                                                                                                            
</MESSAGE>                                                                                                                                                                                                                                            
<MESSAGE>                                                                                                                                                                                                                                             
<MSGNUMBER>IGYCB7310-W</MSGNUMBER>                                                                                                                                                                                                                    
<MSGLINE>894</MSGLINE>                                                                                                                                                                                                                                
<MSGFILE>1</MSGFILE>                                                                                                                                                                                                                                  
<MSGTEXT>                                                                                                                                                                                                                                             
The &quot;PERFORM&quot; statement at &quot;PERFORM (line 15491.1)&quot; cannot reach its exit.                                                                                                                                                        
</MSGTEXT>                                                                                                                                                                                                                                            
</MESSAGE>                                                                                                                                                                                                                                            
<MESSAGE>                                                                                                                                                                                                                                             
<MSGNUMBER>IGYCB7310-W</MSGNUMBER>                                                                                                                                                                                                                    
<MSGLINE>1001</MSGLINE>                                                                                                                                                                                                                               
<MSGFILE>1</MSGFILE>                                                                                                                                                                                                                                  
<MSGTEXT>                                                                                                                                                                                                                                             
The &quot;PERFORM&quot; statement at &quot;PERFORM (line 15598.1)&quot; cannot reach its exit.                                                                                                                                                        
</MSGTEXT>                                                                                                                                                                                                                                            
</MESSAGE>                                                                                                                                                                                                                                            
<MESSAGE>                                                                                                                                                                                                                                             
<MSGNUMBER>IGYCB7310-W</MSGNUMBER>                                                                                                                                                                                                                    
<MSGLINE>1099</MSGLINE>                                                                                                                                                                                                                               
<MSGFILE>1</MSGFILE>                                                                                                                                                                                                                                  
<MSGTEXT>                                                                                                                                                                                                                                             
The &quot;PERFORM&quot; statement at &quot;PERFORM (line 15696.1)&quot; cannot reach its exit.                                                                                                                                                        
</MSGTEXT>                                                                                                                                                                                                                                            
</MESSAGE>                                                                                                                                                                                                                                            
</PACKAGE>                                                                                                                                                                                                                                            