<PACKAGE>                                                                                                                                                                                                                                             
<FILEREFERENCETABLE>                                                                                                                                                                                                                                  
<FILECOUNT>2</FILECOUNT>                                                                                                                                                                                                                              
<FILE>                                                                                                                                                                                                                                                
<FILENUMBER>1</FILENUMBER>                                                                                                                                                                                                                            
<FILENAME>NNPRGZ7.NNPRGZ7C.J0068177.D0000104.?</FILENAME>                                                                                                                                                                                             
</FILE>                                                                                                                                                                                                                                               
<FILE>                                                                                                                                                                                                                                                
<FILENUMBER>2</FILENUMBER>                                                                                                                                                                                                                            
<FILENAME>ED.AD7FCTE.SOURCE(YEIVHIT)</FILENAME>                                                                                                                                                                                                       
</FILE>                                                                                                                                                                                                                                               
</FILEREFERENCETABLE>                                                                                                                                                                                                                                 
<MESSAGE>                                                                                                                                                                                                                                             
<MSGNUMBER>IGYDS1073-I</MSGNUMBER>                                                                                                                                                                                                                    
<MSGLINE>6156</MSGLINE>                                                                                                                                                                                                                               
<MSGFILE>2</MSGFILE>                                                                                                                                                                                                                                  
<MSGTEXT>                                                                                                                                                                                                                                             
&quot;CMP-TAB-SVC-RDF&quot; redefined a larger item.                                                                                                                                                                                                  
</MSGTEXT>                                                                                                                                                                                                                                            
</MESSAGE>                                                                                                                                                                                                                                            
</PACKAGE>                                                                                                                                                                                                                                            