<PACKAGE>                                                                                                                                                                                                                                             
<FILEREFERENCETABLE>                                                                                                                                                                                                                                  
<FILECOUNT>2</FILECOUNT>                                                                                                                                                                                                                              
<FILE>                                                                                                                                                                                                                                                
<FILENUMBER>1</FILENUMBER>                                                                                                                                                                                                                            
<FILENAME>NNPRGZ7.NNPRGZ7C.J0065797.D0000104.?</FILENAME>                                                                                                                                                                                             
</FILE>                                                                                                                                                                                                                                               
<FILE>                                                                                                                                                                                                                                                
<FILENUMBER>2</FILENUMBER>                                                                                                                                                                                                                            
<FILENAME>ED.AD7FCTE.SOURCE(YEIVM82)</FILENAME>                                                                                                                                                                                                       
</FILE>                                                                                                                                                                                                                                               
</FILEREFERENCETABLE>                                                                                                                                                                                                                                 
</PACKAGE>                                                                                                                                                                                                                                            