<PACKAGE>                                                                                                                                                                                                                                             
<FILEREFERENCETABLE>                                                                                                                                                                                                                                  
<FILECOUNT>42</FILECOUNT>                                                                                                                                                                                                                             
<FILE>                                                                                                                                                                                                                                                
<FILENUMBER>1</FILENUMBER>                                                                                                                                                                                                                            
<FILENAME>SYS25240.T142905.RA000.NNPRGZ7C.R0104297</FILENAME>                                                                                                                                                                                         
</FILE>                                                                                                                                                                                                                                               
<FILE>                                                                                                                                                                                                                                                
<FILENUMBER>2</FILENUMBER>                                                                                                                                                                                                                            
<FILENAME>PD.VSEXPL.CPMLIB(YEIVFAL)</FILENAME>                                                                                                                                                                                                        
</FILE>                                                                                                                                                                                                                                               
<FILE>                                                                                                                                                                                                                                                
<FILENUMBER>3</FILENUMBER>                                                                                                                                                                                                                            
<FILENAME>PD.VSEXPL.CPMLIB(YEIVFRE)</FILENAME>                                                                                                                                                                                                        
</FILE>                                                                                                                                                                                                                                               
<FILE>                                                                                                                                                                                                                                                
<FILENUMBER>4</FILENUMBER>                                                                                                                                                                                                                            
<FILENAME>PD.VSTEST.CPMLIB(YEIVFCT)</FILENAME>                                                                                                                                                                                                        
</FILE>                                                                                                                                                                                                                                               
<FILE>                                                                                                                                                                                                                                                
<FILENUMBER>5</FILENUMBER>                                                                                                                                                                                                                            
<FILENAME>PD.VSEXPL.CPMLIB(YEIVSAS)</FILENAME>                                                                                                                                                                                                        
</FILE>                                                                                                                                                                                                                                               
<FILE>                                                                                                                                                                                                                                                
<FILENUMBER>6</FILENUMBER>                                                                                                                                                                                                                            
<FILENAME>PD.VSEXPL.CPMLIB(YEIVE05)</FILENAME>                                                                                                                                                                                                        
</FILE>                                                                                                                                                                                                                                               
<FILE>                                                                                                                                                                                                                                                
<FILENUMBER>7</FILENUMBER>                                                                                                                                                                                                                            
<FILENAME>PD.VSEXPL.CPMLIB(YEIVS05)</FILENAME>                                                                                                                                                                                                        
</FILE>                                                                                                                                                                                                                                               
<FILE>                                                                                                                                                                                                                                                
<FILENUMBER>8</FILENUMBER>                                                                                                                                                                                                                            
<FILENAME>SYS25240.T142905.RA000.NNPRGZ7C.R0104300(YSTIED1)</FILENAME>                                                                                                                                                                                
</FILE>                                                                                                                                                                                                                                               
<FILE>                                                                                                                                                                                                                                                
<FILENUMBER>9</FILENUMBER>                                                                                                                                                                                                                            
<FILENAME>SYS25240.T142905.RA000.NNPRGZ7C.R0104300(YSTISD1)</FILENAME>                                                                                                                                                                                
</FILE>                                                                                                                                                                                                                                               
<FILE>                                                                                                                                                                                                                                                
<FILENUMBER>10</FILENUMBER>                                                                                                                                                                                                                           
<FILENAME>PD.VSEXPL.CPMLIB(MEIVIC1)</FILENAME>                                                                                                                                                                                                        
</FILE>                                                                                                                                                                                                                                               
<FILE>                                                                                                                                                                                                                                                
<FILENUMBER>11</FILENUMBER>                                                                                                                                                                                                                           
<FILENAME>PD.VSEXPL.CPMLIB(MEIVOC1)</FILENAME>                                                                                                                                                                                                        
</FILE>                                                                                                                                                                                                                                               
<FILE>                                                                                                                                                                                                                                                
<FILENUMBER>12</FILENUMBER>                                                                                                                                                                                                                           
<FILENAME>PD.VSEXPL.CPMLIB(MEIVIC2)</FILENAME>                                                                                                                                                                                                        
</FILE>                                                                                                                                                                                                                                               
<FILE>                                                                                                                                                                                                                                                
<FILENUMBER>13</FILENUMBER>                                                                                                                                                                                                                           
<FILENAME>PD.VSEXPL.CPMLIB(MEIVOC2)</FILENAME>                                                                                                                                                                                                        
</FILE>                                                                                                                                                                                                                                               
<FILE>                                                                                                                                                                                                                                                
<FILENUMBER>14</FILENUMBER>                                                                                                                                                                                                                           
<FILENAME>PD.VSEXPL.CPMLIB(MEIVIC3)</FILENAME>                                                                                                                                                                                                        
</FILE>                                                                                                                                                                                                                                               
<FILE>                                                                                                                                                                                                                                                
<FILENUMBER>15</FILENUMBER>                                                                                                                                                                                                                           
<FILENAME>PD.VSEXPL.CPMLIB(MEIVOC3)</FILENAME>                                                                                                                                                                                                        
</FILE>                                                                                                                                                                                                                                               
<FILE>                                                                                                                                                                                                                                                
<FILENUMBER>16</FILENUMBER>                                                                                                                                                                                                                           
<FILENAME>PD.VSEXPL.CPMLIB(MEIVIC4)</FILENAME>                                                                                                                                                                                                        
</FILE>                                                                                                                                                                                                                                               
<FILE>                                                                                                                                                                                                                                                
<FILENUMBER>17</FILENUMBER>                                                                                                                                                                                                                           
<FILENAME>PD.VSEXPL.CPMLIB(MEIVOC4)</FILENAME>                                                                                                                                                                                                        
</FILE>                                                                                                                                                                                                                                               
<FILE>                                                                                                                                                                                                                                                
<FILENUMBER>18</FILENUMBER>                                                                                                                                                                                                                           
<FILENAME>PD.VSEXPL.CPMLIB(MEIVIC5)</FILENAME>                                                                                                                                                                                                        
</FILE>                                                                                                                                                                                                                                               
<FILE>                                                                                                                                                                                                                                                
<FILENUMBER>19</FILENUMBER>                                                                                                                                                                                                                           
<FILENAME>PD.VSEXPL.CPMLIB(MEIVOC5)</FILENAME>                                                                                                                                                                                                        
</FILE>                                                                                                                                                                                                                                               
<FILE>                                                                                                                                                                                                                                                
<FILENUMBER>20</FILENUMBER>                                                                                                                                                                                                                           
<FILENAME>PD.VSEXPL.CPMLIB(MEIVIC6)</FILENAME>                                                                                                                                                                                                        
</FILE>                                                                                                                                                                                                                                               
<FILE>                                                                                                                                                                                                                                                
<FILENUMBER>21</FILENUMBER>                                                                                                                                                                                                                           
<FILENAME>PD.VSEXPL.CPMLIB(MEIVOC6)</FILENAME>                                                                                                                                                                                                        
</FILE>                                                                                                                                                                                                                                               
<FILE>                                                                                                                                                                                                                                                
<FILENUMBER>22</FILENUMBER>                                                                                                                                                                                                                           
<FILENAME>PD.VSEXPL.CPMLIB(MEIVIC7)</FILENAME>                                                                                                                                                                                                        
</FILE>                                                                                                                                                                                                                                               
<FILE>                                                                                                                                                                                                                                                
<FILENUMBER>23</FILENUMBER>                                                                                                                                                                                                                           
<FILENAME>PD.VSEXPL.CPMLIB(MEIVOC7)</FILENAME>                                                                                                                                                                                                        
</FILE>                                                                                                                                                                                                                                               
<FILE>                                                                                                                                                                                                                                                
<FILENUMBER>24</FILENUMBER>                                                                                                                                                                                                                           
<FILENAME>PD.VSEXPL.CPMLIB(MEIVIC8)</FILENAME>                                                                                                                                                                                                        
</FILE>                                                                                                                                                                                                                                               
<FILE>                                                                                                                                                                                                                                                
<FILENUMBER>25</FILENUMBER>                                                                                                                                                                                                                           
<FILENAME>PD.VSEXPL.CPMLIB(MEIVOC8)</FILENAME>                                                                                                                                                                                                        
</FILE>                                                                                                                                                                                                                                               
<FILE>                                                                                                                                                                                                                                                
<FILENUMBER>26</FILENUMBER>                                                                                                                                                                                                                           
<FILENAME>PD.VSEXPL.CPMLIB(MEIVIC9)</FILENAME>                                                                                                                                                                                                        
</FILE>                                                                                                                                                                                                                                               
<FILE>                                                                                                                                                                                                                                                
<FILENUMBER>27</FILENUMBER>                                                                                                                                                                                                                           
<FILENAME>PD.VSEXPL.CPMLIB(MEIVOC9)</FILENAME>                                                                                                                                                                                                        
</FILE>                                                                                                                                                                                                                                               
<FILE>                                                                                                                                                                                                                                                
<FILENUMBER>28</FILENUMBER>                                                                                                                                                                                                                           
<FILENAME>PD.VSEXPL.CPMLIB(MEIVICA)</FILENAME>                                                                                                                                                                                                        
</FILE>                                                                                                                                                                                                                                               
<FILE>                                                                                                                                                                                                                                                
<FILENUMBER>29</FILENUMBER>                                                                                                                                                                                                                           
<FILENAME>PD.VSEXPL.CPMLIB(MEIVOCA)</FILENAME>                                                                                                                                                                                                        
</FILE>                                                                                                                                                                                                                                               
<FILE>                                                                                                                                                                                                                                                
<FILENUMBER>30</FILENUMBER>                                                                                                                                                                                                                           
<FILENAME>PD.VSEXPL.CPMLIB(MEIVICB)</FILENAME>                                                                                                                                                                                                        
</FILE>                                                                                                                                                                                                                                               
<FILE>                                                                                                                                                                                                                                                
<FILENUMBER>31</FILENUMBER>                                                                                                                                                                                                                           
<FILENAME>PD.VSEXPL.CPMLIB(MEIVOCB)</FILENAME>                                                                                                                                                                                                        
</FILE>                                                                                                                                                                                                                                               
<FILE>                                                                                                                                                                                                                                                
<FILENUMBER>32</FILENUMBER>                                                                                                                                                                                                                           
<FILENAME>PD.VSEXPL.CPMLIB(MEIVICC)</FILENAME>                                                                                                                                                                                                        
</FILE>                                                                                                                                                                                                                                               
<FILE>                                                                                                                                                                                                                                                
<FILENUMBER>33</FILENUMBER>                                                                                                                                                                                                                           
<FILENAME>PD.VSEXPL.CPMLIB(MEIVOCC)</FILENAME>                                                                                                                                                                                                        
</FILE>                                                                                                                                                                                                                                               
<FILE>                                                                                                                                                                                                                                                
<FILENUMBER>34</FILENUMBER>                                                                                                                                                                                                                           
<FILENAME>PD.VSEXPL.CPMLIB(MEIVICD)</FILENAME>                                                                                                                                                                                                        
</FILE>                                                                                                                                                                                                                                               
<FILE>                                                                                                                                                                                                                                                
<FILENUMBER>35</FILENUMBER>                                                                                                                                                                                                                           
<FILENAME>PD.VSEXPL.CPMLIB(MEIVOCD)</FILENAME>                                                                                                                                                                                                        
</FILE>                                                                                                                                                                                                                                               
<FILE>                                                                                                                                                                                                                                                
<FILENUMBER>36</FILENUMBER>                                                                                                                                                                                                                           
<FILENAME>PD.VSEXPL.CPMLIB(MEIVICN)</FILENAME>                                                                                                                                                                                                        
</FILE>                                                                                                                                                                                                                                               
<FILE>                                                                                                                                                                                                                                                
<FILENUMBER>37</FILENUMBER>                                                                                                                                                                                                                           
<FILENAME>PD.VSEXPL.CPMLIB(MEIVOCN)</FILENAME>                                                                                                                                                                                                        
</FILE>                                                                                                                                                                                                                                               
<FILE>                                                                                                                                                                                                                                                
<FILENUMBER>38</FILENUMBER>                                                                                                                                                                                                                           
<FILENAME>PD.VSEXPL.CPMLIB(MEIVICO)</FILENAME>                                                                                                                                                                                                        
</FILE>                                                                                                                                                                                                                                               
<FILE>                                                                                                                                                                                                                                                
<FILENUMBER>39</FILENUMBER>                                                                                                                                                                                                                           
<FILENAME>PD.VSEXPL.CPMLIB(MEIVOCO)</FILENAME>                                                                                                                                                                                                        
</FILE>                                                                                                                                                                                                                                               
<FILE>                                                                                                                                                                                                                                                
<FILENUMBER>40</FILENUMBER>                                                                                                                                                                                                                           
<FILENAME>SYS25240.T142905.RA000.NNPRGZ7C.R0104300(YSRV010)</FILENAME>                                                                                                                                                                                
</FILE>                                                                                                                                                                                                                                               
<FILE>                                                                                                                                                                                                                                                
<FILENUMBER>41</FILENUMBER>                                                                                                                                                                                                                           
<FILENAME>PD.VSEXPL.CPMLIB(MSVCINP)</FILENAME>                                                                                                                                                                                                        
</FILE>                                                                                                                                                                                                                                               
<FILE>                                                                                                                                                                                                                                                
<FILENUMBER>42</FILENUMBER>                                                                                                                                                                                                                           
<FILENAME>PD.VSTEST.CPMLIB(MSVCOUT)</FILENAME>                                                                                                                                                                                                        
</FILE>                                                                                                                                                                                                                                               
</FILEREFERENCETABLE>                                                                                                                                                                                                                                 
<MESSAGE>                                                                                                                                                                                                                                             
<MSGNUMBER>IGYCB7310-W</MSGNUMBER>                                                                                                                                                                                                                    
<MSGLINE>491</MSGLINE>                                                                                                                                                                                                                                
<MSGFILE>1</MSGFILE>                                                                                                                                                                                                                                  
<MSGTEXT>                                                                                                                                                                                                                                             
The &quot;PERFORM&quot; statement at &quot;PERFORM (line 22382.1)&quot; cannot reach its exit.                                                                                                                                                        
</MSGTEXT>                                                                                                                                                                                                                                            
</MESSAGE>                                                                                                                                                                                                                                            
<MESSAGE>                                                                                                                                                                                                                                             
<MSGNUMBER>IGYCB7310-W</MSGNUMBER>                                                                                                                                                                                                                    
<MSGLINE>562</MSGLINE>                                                                                                                                                                                                                                
<MSGFILE>1</MSGFILE>                                                                                                                                                                                                                                  
<MSGTEXT>                                                                                                                                                                                                                                             
The &quot;PERFORM&quot; statement at &quot;PERFORM (line 22453.1)&quot; cannot reach its exit.                                                                                                                                                        
</MSGTEXT>                                                                                                                                                                                                                                            
</MESSAGE>                                                                                                                                                                                                                                            
<MESSAGE>                                                                                                                                                                                                                                             
<MSGNUMBER>IGYCB7310-W</MSGNUMBER>                                                                                                                                                                                                                    
<MSGLINE>619</MSGLINE>                                                                                                                                                                                                                                
<MSGFILE>1</MSGFILE>                                                                                                                                                                                                                                  
<MSGTEXT>                                                                                                                                                                                                                                             
The &quot;PERFORM&quot; statement at &quot;PERFORM (line 22510.1)&quot; cannot reach its exit.                                                                                                                                                        
</MSGTEXT>                                                                                                                                                                                                                                            
</MESSAGE>                                                                                                                                                                                                                                            
<MESSAGE>                                                                                                                                                                                                                                             
<MSGNUMBER>IGYCB7310-W</MSGNUMBER>                                                                                                                                                                                                                    
<MSGLINE>634</MSGLINE>                                                                                                                                                                                                                                
<MSGFILE>1</MSGFILE>                                                                                                                                                                                                                                  
<MSGTEXT>                                                                                                                                                                                                                                             
The &quot;PERFORM&quot; statement at &quot;PERFORM (line 22525.1)&quot; cannot reach its exit.                                                                                                                                                        
</MSGTEXT>                                                                                                                                                                                                                                            
</MESSAGE>                                                                                                                                                                                                                                            
<MESSAGE>                                                                                                                                                                                                                                             
<MSGNUMBER>IGYCB7310-W</MSGNUMBER>                                                                                                                                                                                                                    
<MSGLINE>665</MSGLINE>                                                                                                                                                                                                                                
<MSGFILE>1</MSGFILE>                                                                                                                                                                                                                                  
<MSGTEXT>                                                                                                                                                                                                                                             
The &quot;PERFORM&quot; statement at &quot;PERFORM (line 22556.1)&quot; cannot reach its exit.                                                                                                                                                        
</MSGTEXT>                                                                                                                                                                                                                                            
</MESSAGE>                                                                                                                                                                                                                                            
<MESSAGE>                                                                                                                                                                                                                                             
<MSGNUMBER>IGYCB7310-W</MSGNUMBER>                                                                                                                                                                                                                    
<MSGLINE>2694</MSGLINE>                                                                                                                                                                                                                               
<MSGFILE>1</MSGFILE>                                                                                                                                                                                                                                  
<MSGTEXT>                                                                                                                                                                                                                                             
The &quot;PERFORM&quot; statement at &quot;PERFORM (line 24585.1)&quot; cannot reach its exit.                                                                                                                                                        
</MSGTEXT>                                                                                                                                                                                                                                            
</MESSAGE>                                                                                                                                                                                                                                            
<MESSAGE>                                                                                                                                                                                                                                             
<MSGNUMBER>IGYCB7310-W</MSGNUMBER>                                                                                                                                                                                                                    
<MSGLINE>2709</MSGLINE>                                                                                                                                                                                                                               
<MSGFILE>1</MSGFILE>                                                                                                                                                                                                                                  
<MSGTEXT>                                                                                                                                                                                                                                             
The &quot;PERFORM&quot; statement at &quot;PERFORM (line 24600.1)&quot; cannot reach its exit.                                                                                                                                                        
</MSGTEXT>                                                                                                                                                                                                                                            
</MESSAGE>                                                                                                                                                                                                                                            
<MESSAGE>                                                                                                                                                                                                                                             
<MSGNUMBER>IGYCB7310-W</MSGNUMBER>                                                                                                                                                                                                                    
<MSGLINE>2793</MSGLINE>                                                                                                                                                                                                                               
<MSGFILE>1</MSGFILE>                                                                                                                                                                                                                                  
<MSGTEXT>                                                                                                                                                                                                                                             
The &quot;PERFORM&quot; statement at &quot;PERFORM (line 24684.1)&quot; cannot reach its exit.                                                                                                                                                        
</MSGTEXT>                                                                                                                                                                                                                                            
</MESSAGE>                                                                                                                                                                                                                                            
</PACKAGE>                                                                                                                                                                                                                                            