{
	"profileId": "Profile-EI",
	"systemName": "Profile-EI",
	"sessionProfileId": "NIPCOM",
	"sessionId": "Session-1",
	"sessionInfo": {
		"host": "127.0.0.1",
		"port": "23",
		"luname": "nipcom",
		"model": "3278",
		"modelNumber": "2",
		"codepageDescription": "id1147-Fra",
		"codepage": "1147",
		"trace": false,
		"tracedir": "",
		"tracefile": "",
		"tracefilesize": "",
		"connecttimeout": "",
		"verifycert": false,
		"accepthostname": "",
		"clientcert": "",
		"certfile": "",
		"certContent": "",
		"certfiletype": "",
		"keyContent": "",
		"keyfile": "",
		"keypasswd": "",
		"keyfiletype": "",
		"cadir": "",
		"cafile": "",
		"chainfile": ""
	},
	"keyMapping": {
		"keyAssignments": {}
	},
	"sessionColors": [
		{
			"type": "normal,protected",
			"background": "black",
			"foreground": "turquoise",
			"backgroundLabel": "",
			"foregroundLabel": ""
		},
		{
			"type": "normal,unprotected",
			"background": "black",
			"foreground": "green",
			"backgroundLabel": "",
			"foregroundLabel": ""
		},
		{
			"type": "intensified,protected",
			"background": "black",
			"foreground": "white",
			"backgroundLabel": "",
			"foregroundLabel": ""
		},
		{
			"type": "intensified,unprotected",
			"background": "black",
			"foreground": "red",
			"backgroundLabel": "",
			"foregroundLabel": ""
		}
	],
	"extendedColorMappings": {
		"pink": "pink",
		"green": "#6ff06f",
		"palegreen": "palegreen",
		"yellow": "yellow",
		"black": "black",
		"turquoise": "#00ffff",
		"neutralwhite": "#FCFAF6",
		"red": "red",
		"orange": "orange",
		"default": "green",
		"gray": "gray",
		"blue": "#8d8df4",
		"white": "white",
		"paleturquoise": "paleturquoise",
		"purple": "purple",
		"deepblue": "deepskyblue",
		"neutralblack": "#232222"
	},
	"sessionFonts": {
		"name": "ibmPlexMonoMedium",
		"label": ""
	},
	"autoConnect": true,
	"showCrosshair": false,
	"trace": false,
	"enableSecurity": false,
	"synchronizationNeeded": false
}