<?xml version="1.0" encoding="UTF-8"?>
<ffs-system>
  <system>
    <default-host-codepage>IBM-1147</default-host-codepage>
    <default-local-codepage>UTF-8</default-local-codepage>
    <not-symbol> </not-symbol>
    <mapping-list>
      <mapping>
        <host-name>**CSOURCE</host-name>
        <local-ext>C</local-ext>
      </mapping>
      <mapping>
        <host-name>**CSYSLIB</host-name>
        <local-ext>h</local-ext>
      </mapping>
      <mapping>
        <host-name>**HSOURCE</host-name>
        <local-ext>h</local-ext>
      </mapping>
      <mapping>
        <host-name>**SOURCE</host-name>
        <local-ext>cbl</local-ext>
        <member-mapping-list>
          <member-mapping>
            <host-name>Y*</host-name>
            <local-ext>cpy</local-ext>
          </member-mapping>
          <member-mapping>
            <host-name>M??????</host-name>
            <local-ext>cpy</local-ext>
          </member-mapping>
        </member-mapping-list>
      </mapping>
      <mapping>
        <host-name>**COPY</host-name>
        <local-ext>cpy</local-ext>
      </mapping>
      <mapping>
        <host-name>**COPYLIB</host-name>
        <local-ext>cpy</local-ext>
      </mapping>
      <mapping>
        <host-name>**.SYSLIB</host-name>
        <local-ext>cpy</local-ext>
      </mapping>
      <mapping>
        <host-name>**.SRCLIB.DATA</host-name>
        <local-ext>cpy</local-ext>
      </mapping>
      <mapping>
        <host-name>**.PRSRCM.PDS00*</host-name>
        <local-ext>cpy</local-ext>
        <transfer>text</transfer>
      </mapping>
      <mapping>
        <host-name>**.PRSRCM.PDSCPY*</host-name>
        <local-ext>cpy</local-ext>
        <transfer>text</transfer>
      </mapping>
      <mapping>
        <host-name>**.PTLIBR.PDS*</host-name>
        <local-ext>cpy</local-ext>
        <transfer>text</transfer>
      </mapping>
      <mapping>
        <host-name>PD.VS*.CPMLIB</host-name>
        <local-ext>cpy</local-ext>
        <transfer>text</transfer>
      </mapping>
      <mapping>
        <host-name>**JCL</host-name>
        <local-ext>jcl</local-ext>
        <transfer>text</transfer>
      </mapping>
      <mapping>
        <host-name>**LISTING</host-name>
        <local-ext>lst</local-ext>
        <transfer>text</transfer>
      </mapping>
      <mapping>
        <host-name>**OUTLIST</host-name>
        <local-ext>out</local-ext>
        <transfer>text</transfer>
      </mapping>
      <mapping>
        <host-name>**ERRWDZ**</host-name>
        <local-ext>err</local-ext>
        <transfer>binary</transfer>
        <host-codepage>UTF-16BE</host-codepage>
        <local-codepage>UTF-16BE</local-codepage>
      </mapping>
      <mapping>
        <host-name>**XML</host-name>
        <local-ext>xml</local-ext>
        <transfer>text</transfer>
      </mapping>
      <mapping>
        <host-name>**.C</host-name>
        <local-ext>c</local-ext>
        <transfer>text</transfer>
      </mapping>
      <mapping>
        <host-name>**AZUCFG</host-name>
        <local-ext>azucfg</local-ext>
        <transfer>binary</transfer>
        <host-codepage>UTF-8</host-codepage>
        <local-codepage>UTF-8</local-codepage>
      </mapping>
      <mapping>
        <host-name>**AZURES</host-name>
        <local-ext>azures</local-ext>
        <transfer>binary</transfer>
        <host-codepage>UTF-8</host-codepage>
        <local-codepage>UTF-8</local-codepage>
      </mapping>
      <mapping>
        <host-name>**XSD</host-name>
        <local-ext>xsd</local-ext>
        <transfer>binary</transfer>
        <host-codepage>UTF-8</host-codepage>
        <local-codepage>UTF-8</local-codepage>
      </mapping>
      <mapping>
        <host-name>**.FOCEXEC**</host-name>
        <local-ext>fex</local-ext>
        <transfer>text</transfer>
      </mapping>
      <mapping>
        <host-name>**AZUGEN</host-name>
        <local-ext>xml</local-ext>
        <transfer>binary</transfer>
        <host-codepage>UTF-8</host-codepage>
        <local-codepage>UTF-8</local-codepage>
      </mapping>
      <mapping>
        <host-name>**AZUSCH</host-name>
        <local-ext>xsd</local-ext>
        <transfer>binary</transfer>
        <host-codepage>UTF-8</host-codepage>
        <local-codepage>UTF-8</local-codepage>
      </mapping>
      <mapping>
        <host-name>**AZUTDT</host-name>
        <local-ext>xml</local-ext>
        <transfer>binary</transfer>
        <host-codepage>UTF-8</host-codepage>
        <local-codepage>UTF-8</local-codepage>
      </mapping>
      <mapping>
        <host-name>**CLIST</host-name>
        <local-ext>rex</local-ext>
        <transfer>text</transfer>
      </mapping>
      <mapping>
        <host-name>**BZUCFG</host-name>
        <local-ext>bzucfg</local-ext>
        <transfer>binary</transfer>
        <host-codepage>UTF-8</host-codepage>
        <local-codepage>UTF-8</local-codepage>
      </mapping>
      <mapping>
        <host-name>**BZURES</host-name>
        <local-ext>bzures</local-ext>
        <transfer>binary</transfer>
        <host-codepage>UTF-8</host-codepage>
        <local-codepage>UTF-8</local-codepage>
      </mapping>
      <mapping>
        <host-name>**SQL</host-name>
        <local-ext>sql</local-ext>
      </mapping>
      <mapping>
        <host-name>FIPDB2R.V1.DB2I*</host-name>
        <local-ext>sql</local-ext>
      </mapping>
      <mapping>
        <host-name>PD.PSDB2X.DDL*</host-name>
        <local-ext>sql</local-ext>
      </mapping>
      <mapping>
        <host-name>XP.PPSDB2.MODELSDV</host-name>
        <local-ext>sql</local-ext>
      </mapping>
    </mapping-list>
  </system>
</ffs-system>
